Fy (ksi),Lb,bf,tf,tw,h0,ry,Mn(Modified),Mn(AISC code),Mn(FE model),Mp,b,Mcr
139.236,160,15.9,1.77,1.03,42.23,3.49,190298.5274,225562.32,216638.377325066,225562.32,15.9,399132.605081953
139.236,190,15.9,1.77,1.03,42.23,3.49,171595.1703,219030.340138757,197650.133746679,225562.32,15.9,290051.468296546
139.236,230,15.9,1.77,1.03,42.23,3.49,146147.7541,187966.043519871,170240.744021258,225562.32,15.9,205359.253149666
139.236,260,15.9,1.77,1.03,42.23,3.49,128748.2021,155913.110941776,139104.281133747,225562.32,15.9,165618.043829533
139.236,300,15.9,1.77,1.03,42.23,3.49,108993.2842,122477.537470133,95629.3126660762,225562.32,15.9,129821.641396282
139.236,350,15.9,1.77,1.03,42.23,3.49,89721.13489,95417.5994343812,81200.3859610275,225562.32,15.9,100881.536986459
139.236,390,15.9,1.77,1.03,42.23,3.49,77869.62715,80628.0972550223,68584.5726749336,225562.32,15.9,85084.6282745352
139.236,430,15.9,1.77,1.03,42.23,3.49,68437.41747,69608.4566639867,62310.0583702392,225562.32,15.9,73329.0283684475
139.236,460,15.9,1.77,1.03,42.23,3.49,62601.35081,63064.2649109755,54485.3172719221,225562.32,15.9,66355.9089151725
139.236,230,15.8,1.07,0.65,37.63,3.45,74361.71116,99155.1860045762,79229.8611603189,120996.084,15.8,100289.969894217
139.236,260,15.8,1.07,0.65,37.63,3.45,64422.31971,78973.6192149725,68062.2922054916,120996.084,15.8,79918.0864627137
139.236,300,15.8,1.07,0.65,37.63,3.45,53344.85106,60925.1380535245,53766.7267493357,120996.084,15.8,61635.4561405124
139.236,350,15.8,1.07,0.65,37.63,3.45,42781.85142,46421.1429637787,43111.7754650133,120996.084,15.8,46944.5221887934
139.236,390,15.8,1.07,0.65,37.63,3.45,36424.14752,38564.3975107477,36939.1142604074,120996.084,15.8,38987.3963890956
139.236,430,15.8,1.07,0.65,37.63,3.45,31451.74653,32762.9994708879,29502.2181133747,120996.084,15.8,33112.5743240657
139.236,460,15.8,1.07,0.65,37.63,3.45,28419.48167,29347.6819991445,27363.4829937998,120996.084,15.8,29654.4451866421
139.236,120,16.2,2.28,1.26,33.72,3.77,205930.6982,217208.16,212728.937112489,217208.16,16.2,777476.450574674
139.236,160,16.2,2.28,1.26,33.72,3.77,191339.9337,217208.16,224149.038086803,217208.16,16.2,462655.495879715
139.236,190,16.2,2.28,1.26,33.72,3.77,177587.927,217208.16,216191.121346324,217208.16,16.2,344074.39466607
139.236,230,16.2,2.28,1.26,33.72,3.77,158199.6407,217208.16,188473.062001772,217208.16,16.2,251274.852149105
139.236,260,16.2,2.28,1.26,33.72,3.77,144290.4554,217208.16,160120.677590788,217208.16,16.2,207255.773732908
139.236,300,16.2,2.28,1.26,33.72,3.77,127651.4195,202077.526508917,152599.442869796,217208.16,16.2,167098.68101746
139.236,350,16.2,2.28,1.26,33.72,3.77,110324.4336,181357.634427104,125016.707705934,217208.16,16.2,134014.883797417
139.236,390,16.2,2.28,1.26,33.72,3.77,99001.60663,108382.258596733,99455.0554915855,217208.16,16.2,115569.17367247
139.236,430,16.2,2.28,1.26,33.72,3.77,89549.50562,95447.8776576144,85874.5877767936,217208.16,16.2,101574.812207221
139.236,460,16.2,2.28,1.26,33.72,3.77,83474.9464,87625.2783190993,78562.9986713906,217208.16,16.2,93130.3748335367
139.236,190,16.6,1.57,0.885,35.53,3.8,132318.6632,165690.84,153730.968999114,165690.84,16.6,243775.982993644
139.236,230,16.6,1.57,0.885,35.53,3.8,115014.6912,149168.079671276,137308.991585474,165690.84,16.6,172588.125104408
139.236,260,16.6,1.57,0.885,35.53,3.8,102623.7062,132256.98254644,118267.900708592,165690.84,16.6,139184.085117311
139.236,300,16.6,1.57,0.885,35.53,3.8,88031.53397,103851.612979378,95416.0336581045,165690.84,16.6,109096.206560499
139.236,350,16.6,1.57,0.885,35.53,3.8,73295.65409,80867.4464563922,63702.4800708592,165690.84,16.6,84771.7542577272
139.236,390,16.6,1.57,0.885,35.53,3.8,64009.20357,68308.6738163577,59296.0525243578,165690.84,16.6,71494.635251648
139.236,430,16.6,1.57,0.885,35.53,3.8,56507.18635,58953.4137903942,52864.3180690877,165690.84,16.6,61614.4403497894
139.236,460,16.6,1.57,0.885,35.53,3.8,51819.74351,53398.895814476,44432.3167404783,165690.84,16.6,55753.902712417
139.236,100,12.3,0.8,0.5,20.6,2.89,32548.20003,35226.708,21867.8476527901,35226.708,12.3,99966.7148491123
139.236,130,12.3,0.8,0.5,20.6,2.89,29495.4037,35226.708,34320.3270150576,35226.708,12.3,60601.8297692132
139.236,160,12.3,0.8,0.5,20.6,2.89,25773.53541,33584.3399239041,31151.2439326838,35226.708,12.3,41181.8564004892
139.236,190,12.3,0.8,0.5,20.6,2.89,22065.76867,28990.4621388121,28273.8840124004,35226.708,12.3,30178.9118444904
139.236,200,12.3,0.8,0.5,20.6,2.89,20915.15378,26481.5863254181,20049.0141718335,35226.708,12.3,27556.1968163997
139.236,230,12.3,0.8,0.5,20.6,2.89,17823.99268,20798.7087274116,16619.9466784765,35226.708,12.3,21616.8603730227
139.236,260,12.3,0.8,0.5,20.6,2.89,15290.17632,16940.4173600024,12509.8712134632,35226.708,12.3,17586.2444182523
139.236,290,12.3,0.8,0.5,20.6,2.89,13251.38996,14192.4033976493,13659.2324623561,35226.708,12.3,14717.0254295111
139.236,310,12.3,0.8,0.5,20.6,2.89,12121.28929,12774.0808949985,9889.92533215235,35226.708,12.3,13236.9003681157
139.236,340,12.3,0.8,0.5,20.6,2.89,10703.45213,11080.6919170523,10567.0524357839,35226.708,12.3,11470.6750160476
139.236,160,14,1.34,0.75,26.76,3.29,71391.13593,87857.916,78705.1734278122,87857.916,14,136418.290233895
139.236,190,14,1.34,0.75,26.76,3.29,63689.63309,82541.7820964885,74040.7356510186,87857.916,14,100550.49213902
139.236,220,14,1.34,0.75,26.76,3.29,56223.60117,73118.8160782592,64081.7139946856,87857.916,14,78195.5726953956
139.236,250,14,1.34,0.75,26.76,3.29,49532.26259,59932.4931026639,52471.0230292294,87857.916,14,63274.6327490238
139.236,290,14,1.34,0.75,26.76,3.29,42081.27603,47440.4093256078,36870.9403454384,87857.916,14,49961.6016257051
139.236,320,14,1.34,0.75,26.76,3.29,37529.53439,40872.1898834648,32049.0855624446,87857.916,14,42971.4774918603
139.236,360,14,1.34,0.75,26.76,3.29,32604.04411,34414.994993411,32798.1268379097,87857.916,14,36109.5461034279
139.236,390,14,1.34,0.75,26.76,3.29,29599.22182,30738.7343165686,27130.7265279008,87857.916,14,32208.9289087408
139.236,400,14,1.34,0.75,26.76,3.29,28706.20486,29678.7543582458,24737.665190434,87857.916,14,31085.2775530879
139.236,130,12.8,0.85,0.55,23.45,2.94,38580.93635,45530.172,45287.8512843224,45530.172,12.8,81932.4398796475
139.236,160,12.8,0.85,0.55,23.45,2.94,33886.97533,43857.9603723905,41179.2269264836,45530.172,12.8,55433.8669254073
139.236,190,12.8,0.85,0.55,23.45,2.94,29100.39323,38147.2794193041,34394.5472099203,45530.172,12.8,40432.1528018867
139.236,200,12.8,0.85,0.55,23.45,2.94,27596.01855,35306.7105918077,30921.5190434012,45530.172,12.8,36858.9501314927
139.236,230,12.8,0.85,0.55,23.45,2.94,23517.64041,27595.6812147709,22988.1923826395,45530.172,12.8,28774.1329751294
139.236,260,12.8,0.85,0.55,23.45,2.94,20142.32387,22369.3414745919,18671.2160318866,45530.172,12.8,23296.5530369561
139.236,290,12.8,0.85,0.55,23.45,2.94,17411.78971,18654.631354235,13886.7694419841,45530.172,12.8,19405.1047053259
139.236,310,12.8,0.85,0.55,23.45,2.94,15894.80409,16741.1796072585,14703.0734720992,45530.172,12.8,17401.5371095981
139.236,340,12.8,0.85,0.55,23.45,2.94,13990.22668,14461.4705390277,10801.1193976971,45530.172,12.8,15015.6480584542
139.236,130,13,1.22,0.705,23.78,3.05,56473.07021,65162.448,67624.0240921169,65162.448,13,128674.001737178
139.236,160,13,1.22,0.705,23.78,3.05,50590.87049,65162.448,62037.823914969,65162.448,13,88435.4260308947
139.236,190,13,1.22,0.705,23.78,3.05,44476.35947,65162.448,55873.13255093,65162.448,13,65576.2649415907
139.236,200,13,1.22,0.705,23.78,3.05,42521.92089,64500.1700433285,54230.4623560673,65162.448,13,60114.0348373952
139.236,230,13,1.22,0.705,23.78,3.05,37127.26742,59232.6446305183,48223.0192648361,65162.448,13,47710.4864841595
139.236,260,13,1.22,0.705,23.78,3.05,32538.46317,53965.119217708,42882.8604960142,65162.448,13,39250.3607573115
139.236,290,13,1.22,0.705,23.78,3.05,28727.89397,31724.9789299889,28511.9330823738,65162.448,13,33192.3119520589
139.236,310,13,1.22,0.705,23.78,3.05,26566.77053,28750.6905994374,28717.7821966342,65162.448,13,30049.920974413
139.236,340,13,1.22,0.705,23.78,3.05,23802.16193,25177.492528867,23646.500088574,65162.448,13,26278.6907037568
139.236,120,10.5,0.76,0.545,29.04,2.15,35739.84631,48175.656,37383.1530558016,48175.656,10.5,58197.1727005815
139.236,140,10.5,0.76,0.545,29.04,2.15,31032.92372,46328.1507176802,36384.7463241807,48175.656,10.5,43393.8357610802
139.236,160,10.5,0.76,0.545,29.04,2.15,26691.38745,42284.6396159929,32679.6534986714,48175.656,10.5,33777.1590434742
139.236,180,10.5,0.76,0.545,29.04,2.15,22938.06089,26485.9726738227,26417.2711248893,48175.656,10.5,27175.4825500464
139.236,200,10.5,0.76,0.545,29.04,2.15,19802.78098,21886.5320748623,19240.5562444641,48175.656,10.5,22445.1275016149
139.236,230,10.5,0.76,0.545,29.04,2.15,16113.41664,17090.6170009326,15866.4114703277,48175.656,10.5,17513.454118696
139.236,260,10.5,0.76,0.545,29.04,2.15,13370.7183,13841.0311692308,11918.2019486271,48175.656,10.5,14172.6720144263
139.236,290,10.5,0.76,0.545,29.04,2.15,11308.83576,11532.1726072417,8885.35983170948,48175.656,10.5,11799.7090996251
139.236,140,10,0.745,0.49,26.155,2.12,24392.14677,36912.4249982013,29235.7374667848,38707.608,10,33514.034112772
139.236,160,10,0.745,0.49,26.155,2.12,20925.29906,33620.1828966854,25814.4092116918,38707.608,10,26150.3823730462
139.236,180,10,0.745,0.49,26.155,2.12,17962.99598,20496.4358582017,17647.9604960142,38707.608,10,21093.2559939283
139.236,200,10,0.745,0.49,26.155,2.12,15508.58707,16983.9405066237,14058.0788308237,38707.608,10,17467.6596351436
139.236,230,10,0.745,0.49,26.155,2.12,12638.52943,13318.0367701042,10810.4295438441,38707.608,10,13684.5379279178
139.236,260,10,0.745,0.49,26.155,2.12,10513.78704,10830.5990149291,10314.1289548273,38707.608,10,11118.4180543123
139.236,290,10,0.745,0.49,26.155,2.12,8919.098038,9060.20681249552,8469.56250664305,38707.608,10,9292.75895692078
139.236,190,15.8,1.58,0.83,38.12,3.58,133077.938,174045,156789.430469442,174045,15.8,226770.317153377
139.236,230,15.8,1.58,0.83,38.12,3.58,113522.7778,170998.266272988,132908.08724535,174045,15.8,160427.319634047
139.236,260,15.8,1.58,0.83,38.12,3.58,100084.4967,158326.481258091,124311.379627989,174045,15.8,129302.130477284
139.236,300,15.8,1.58,0.83,38.12,3.58,84772.36354,97198.5523234981,79135.117360496,174045,15.8,101273.120580855
139.236,350,15.8,1.58,0.83,38.12,3.58,69789.92695,75597.7386254591,62851.8669176262,174045,15.8,78621.286286638
139.236,390,15.8,1.58,0.83,38.12,3.58,60560.30092,63801.8338522104,57856.2167404783,174045,15.8,66262.5653509353
139.236,430,15.8,1.58,0.83,38.12,3.58,53208.90288,55019.9209814994,51123.9568644819,174045,15.8,57069.7659305951
139.236,460,15.8,1.58,0.83,38.12,3.58,48658.7399,49808.631797025,41826.1844995571,174045,15.8,51619.1784426203
139.236,170,12.9,2.07,1.29,13.03,3.31,48230.429,53745.096,48190.2568644818,53745.096,12.9,126191.997007743
139.236,230,12.9,2.07,1.29,13.03,3.31,44355.85287,53745.096,46830.5638175376,53745.096,12.9,87858.427762323
139.236,280,12.9,2.07,1.29,13.03,3.31,41167.11175,53745.096,42752.9470327724,53745.096,12.9,70351.0752369767
139.236,310,12.9,2.07,1.29,13.03,3.31,39342.16662,53745.096,39452.645615589,53745.096,12.9,62904.0493125234
139.236,160,15.1,1.5,0.83,29.8,3.51,99288.53237,117932.892,112871.39061116,117932.892,15.1,207048.186568712
139.236,190,15.1,1.5,0.83,29.8,3.51,89795.65813,117932.892,108229.141275465,117932.892,15.1,151994.215291313
139.236,230,15.1,1.5,0.83,29.8,3.51,77083.65224,116828.677647037,94724.6148361382,117932.892,15.1,109129.623958943
139.236,260,15.1,1.5,0.83,29.8,3.51,68456.69141,108555.202375865,82108.3684676705,117932.892,15.1,88935.349469261
139.236,300,15.1,1.5,0.83,29.8,3.51,58663.74656,97523.9020143028,76997.0965456156,117932.892,15.1,70656.3430537554
139.236,350,15.1,1.5,0.83,29.8,3.51,49052.23593,53415.0022802225,44154.3228520815,117932.892,15.1,55765.8428440144
139.236,390,15.1,1.5,0.83,29.8,3.51,43081.74127,45632.8768213076,38151.699911426,117932.892,15.1,47565.0796618288
139.236,430,15.1,1.5,0.83,29.8,3.51,38279.80358,39784.2728046226,30418.5922940655,117932.892,15.1,41410.5437715242
139.236,460,15.1,1.5,0.83,29.8,3.51,35279.54552,36283.7706526029,28588.5436669619,117932.892,15.1,37731.5439663666
139.236,190,15.7,1.15,0.715,32.55,3.56,81446.08274,107629.428,98096.1442426927,107629.428,15.7,136542.663769311
139.236,230,15.7,1.15,0.715,32.55,3.56,68930.7966,104450.350551445,79446.0255093003,107629.428,15.7,95930.4526479232
139.236,260,15.7,1.15,0.715,32.55,3.56,60370.57004,96364.3006276211,77920.6193976971,107629.428,15.7,76904.135497707
139.236,300,15.7,1.15,0.715,32.55,3.56,50676.2277,57339.2270648089,54039.9061116032,107629.428,15.7,59801.992632879
139.236,350,15.7,1.15,0.715,32.55,3.56,41270.98345,44197.17988738,34690.4887068202,107629.428,15.7,46022.4910464904
139.236,390,15.7,1.15,0.715,32.55,3.56,35527.17709,37049.4664644308,27826.95425155,107629.428,15.7,38532.781736271
139.236,430,15.7,1.15,0.715,32.55,3.56,30985.98508,31749.4697363363,29649.021789194,107629.428,15.7,32982.7483850394
139.236,460,15.7,1.15,0.715,32.55,3.56,28192.8852,28616.4188975979,27525.7032772365,107629.428,15.7,29703.9248611681
139.236,100,12.5,1.15,0.72,20.95,2.95,48443.48565,51935.028,54686.71744907,51935.028,12.5,158994.532395543
139.236,130,12.5,1.15,0.72,20.95,2.95,44546.88583,51935.028,52841.797785651,51935.028,12.5,98128.0096086463
139.236,160,12.5,1.15,0.72,20.95,2.95,39784.73602,51935.028,45257.9854738707,51935.028,12.5,68000.0417503243
139.236,190,12.5,1.15,0.72,20.95,2.95,34958.70038,51935.028,43152.732683791,51935.028,12.5,50841.2821969976
139.236,200,12.5,1.15,0.72,20.95,2.95,33435.73769,51161.7989585243,40710.8680248007,51935.028,12.5,46731.9460363131
139.236,230,12.5,1.15,0.72,20.95,2.95,29267.04666,46989.93752179,37282.4642161205,51935.028,12.5,37377.985648151
139.236,260,12.5,1.15,0.72,20.95,2.95,25747.89618,42818.0760850557,31821.4529672276,51935.028,12.5,30970.450670057
139.236,290,12.5,1.15,0.72,20.95,2.95,22833.35174,24962.6189352325,20727.0693091231,51935.028,12.5,26360.2212957268
139.236,310,12.5,1.15,0.72,20.95,2.95,21179.98094,22715.6815422534,21765.2633746678,51935.028,12.5,23958.56959005
139.236,340,12.5,1.15,0.72,20.95,2.95,19061.09137,20003.6362722448,16118.684765279,51935.028,12.5,21063.9852555477
139.236,120,11.4,1.59,0.89,18.41,2.76,48864.16206,55415.928,54345.1110717449,55415.928,11.4,118607.649778694
139.236,160,11.4,1.59,0.89,18.41,2.76,43094.70936,55415.928,48525.2938883968,55415.928,11.4,75547.7083284262
139.236,190,11.4,1.59,0.89,18.41,2.76,38821.58538,55415.928,43951.865279008,55415.928,11.4,58842.7482114928
139.236,220,11.4,1.59,0.89,18.41,2.76,34964.25607,54713.5178447278,42442.3201062888,55415.928,11.4,48085.6338254861
139.236,250,11.4,1.59,0.89,18.41,2.76,31608.85125,51023.8495918246,37858.0081930912,55415.928,11.4,40644.6155264913
139.236,290,11.4,1.59,0.89,18.41,2.76,27870.76506,46104.2919212869,32998.4077502214,55415.928,11.4,33717.6689787549
139.236,320,11.4,1.59,0.89,18.41,2.76,25538.06504,28089.3520037033,28002.1838795394,55415.928,11.4,29918.9032348536
139.236,360,11.4,1.59,0.89,18.41,2.76,22931.89223,24489.8524986433,21862.7856510186,55415.928,11.4,26036.1309789349
139.236,390,11.4,1.59,0.89,18.41,2.76,21282.99666,22356.273320511,18227.5006421612,55415.928,11.4,23741.4175704129
139.236,400,11.4,1.59,0.89,18.41,2.76,20782.344,21727.6164647484,16658.5078830824,55415.928,11.4,23066.2902263459
139.236,130,11.1,0.77,0.48,17.63,2.63,20618.76991,25897.896,20120.7033658105,25897.896,11.1,37757.270207197
139.236,160,11.1,0.77,0.48,17.63,2.63,17644.1839,25897.896,20148.9268379097,25897.896,11.1,25966.7633472999
139.236,180,11.1,0.77,0.48,17.63,2.63,15772.92998,24586.4691928278,19012.4736935341,25897.896,11.1,21137.6014524527
139.236,200,11.1,0.77,0.48,17.63,2.63,14091.10308,22890.5413541154,18338.8449955713,25897.896,11.1,17666.4088390982
139.236,230,11.1,0.77,0.48,17.63,2.63,11965.5766,13445.4185461059,11061.819238264,25897.896,11.1,14030.0865459095
139.236,260,11.1,0.77,0.48,17.63,2.63,10277.06895,11085.5796481065,10901.6012577502,25897.896,11.1,11549.053023547
139.236,290,11.1,0.77,0.48,17.63,2.63,8942.798872,9393.4298006825,9050.26297608503,25897.896,11.1,9771.81097348364
139.236,310,11.1,0.77,0.48,17.63,2.63,8209.373244,8514.58793740228,6578.52125775022,25897.896,11.1,8849.62648670249
139.236,340,11.1,0.77,0.48,17.63,2.63,7292.567981,7458.54445914632,6321.39519043401,25897.896,11.1,7742.5288953556
139.236,100,10.4,1.25,0.755,10.15,2.68,19115.2485,20467.692,17917.573959256,20467.692,10.4,63325.96894356
139.236,150,10.4,1.25,0.755,10.15,2.68,17214.60461,20467.692,18482.1277679362,20467.692,10.4,35799.1524535155
139.236,190,10.4,1.25,0.755,10.15,2.68,15622.47236,20467.692,18145.2684233835,20467.692,10.4,26546.3874321868
139.236,240,10.4,1.25,0.755,10.15,2.68,13810.30761,20467.692,15226.6363153233,20467.692,10.4,20131.1836277563
139.236,280,10.4,1.25,0.755,10.15,2.68,12553.65543,19989.5028286365,15221.5855624446,20467.692,10.4,16906.5462239789
139.236,320,10.4,1.25,0.755,10.15,2.68,11463.80373,18663.0406437869,13916.1043046944,20467.692,10.4,14591.7526975347
139.236,360,10.4,1.25,0.755,10.15,2.68,10521.44388,17336.5784589373,12804.7181930912,20467.692,10.4,12846.2213878956
139.236,390,10.4,1.25,0.755,10.15,2.68,9898.459085,16341.7318203001,12111.4669264836,20467.692,10.4,11793.7065910604
139.236,430,10.4,1.25,0.755,10.15,2.68,9163.313826,9853.83528941538,8171.74075730735,20467.692,10.4,10636.6571225999
139.236,460,10.4,1.25,0.755,10.15,2.68,8673.831888,9184.43399832137,8642.84832595217,20467.692,10.4,9910.01863778536
139.236,80,5.5,0.345,0.25,15.355,1.12,3547.579376,5520.49824010793,3974.81427812223,6154.2312,5.5,4589.75964391936
139.236,100,5.5,0.345,0.25,15.355,1.12,2636.938757,2975.81842128287,2995.49016829052,6154.2312,5.5,3021.87597816232
139.236,120,5.5,0.345,0.25,15.355,1.12,2003.26071,2135.9780921255,1650.5162976085,6154.2312,5.5,2168.03383575033
139.236,140,5.5,0.345,0.25,15.355,1.12,1571.049303,1627.52052059939,1605.63321523472,6154.2312,5.5,1651.15890029733
139.236,160,5.5,0.345,0.25,15.355,1.12,1270.580043,1295.60709580436,1191.7437023915,6154.2312,5.5,1313.80299935702
139.236,180,5.5,0.345,0.25,15.355,1.12,1055.429122,1066.3129730463,916.597921169176,6154.2312,5.5,1080.79398745003
139.236,190,16.5,1.26,0.76,35.24,3.71,104722.3788,134084.268,124178.665190434,134084.268,16.5,184987.671283814
139.236,230,16.5,1.26,0.76,35.24,3.71,89724.84278,133499.291161142,110100.743312666,134084.268,16.5,129758.407869705
139.236,260,16.5,1.26,0.76,35.24,3.71,79147.12793,123888.911346144,101779.543578388,134084.268,16.5,103891.525316889
139.236,300,16.5,1.26,0.76,35.24,3.71,66885.5835,111075.071592813,84038.3410097431,134084.268,16.5,80649.3187991584
139.236,350,16.5,1.26,0.76,35.24,3.71,54737.68653,60005.5408155392,61489.8228520815,134084.268,16.5,61934.4154243699
139.236,390,16.5,1.26,0.76,35.24,3.71,47214.88304,50205.9743427964,48006.5905668733,134084.268,16.5,51770.2872716638
139.236,430,16.5,1.26,0.76,35.24,3.71,41220.48367,42946.8199248051,39669.6423826395,134084.268,16.5,44244.6652255834
139.236,460,16.5,1.26,0.76,35.24,3.71,37516.25001,38659.7458927994,32147.5583702392,134084.268,16.5,39802.2914685109
139.236,80,7.07,0.63,0.38,15.67,1.59,10171.8605,12809.712,11399.4930026572,12809.712,7.07,18531.5655231412
139.236,100,7.07,0.63,0.38,15.67,1.59,8547.503667,12731.3629977456,9749.92161204606,12809.712,7.07,12328.314238928
139.236,120,7.07,0.63,0.38,15.67,1.59,7077.126582,11329.856286344,8695.97909654562,12809.712,7.07,8942.61334332007
139.236,130,7.07,0.63,0.38,15.67,1.59,6444.993967,10629.1029306431,8409.49791851196,12809.712,7.07,7798.30559129646
139.236,160,7.07,0.63,0.38,15.67,1.59,4957.032453,5312.41201538482,4933.29643932684,12809.712,7.07,5538.80098642109
139.236,190,7.07,0.63,0.38,15.67,1.59,3947.188256,4073.45723723648,3861.29157661647,12809.712,7.07,4238.12450546957
139.236,230,7.07,0.63,0.38,15.67,1.59,3064.139149,3084.84306000978,2722.04083259522,12809.712,7.07,3202.01989571337
139.236,260,7.07,0.63,0.38,15.67,1.59,2613.165836,2605.01122483507,2058.09068201949,12809.712,7.07,2700.07659180933
139.236,290,7.07,0.63,0.38,15.67,1.59,2274.912155,2253.81203307758,1546.45385872453,12809.712,7.07,2333.26065297847
139.236,100,8.27,0.685,0.43,20.415,1.8,16470.61061,22277.76,19406.5899025686,22277.76,8.27,26692.2355726477
139.236,120,8.27,0.685,0.43,20.415,1.8,13933.28987,21184.9298835079,17068.1925597874,22277.76,8.27,19034.2649982646
139.236,140,8.27,0.685,0.43,20.415,1.8,11690.42417,18971.2145549359,14932.6802480071,22277.76,8.27,14404.7744089955
139.236,160,8.27,0.685,0.43,20.415,1.8,9848.804211,10985.6010302991,10970.1002657219,22277.76,8.27,11388.7581557103
139.236,180,8.27,0.685,0.43,20.415,1.8,8382.764818,8990.58556127946,8363.13560673162,22277.76,8.27,9310.48195463137
139.236,200,8.27,0.685,0.43,20.415,1.8,7224.474245,7553.65276987726,6197.57750221435,22277.76,8.27,7814.23975509954
139.236,230,8.27,0.685,0.43,20.415,1.8,5917.345275,6043.9041427663,4767.25828166519,22277.76,8.27,6243.17257117581
139.236,260,8.27,0.685,0.43,20.415,1.8,4971.710572,5009.48529746617,4519.42604960142,22277.76,8.27,5167.69519099969
139.236,290,8.27,0.685,0.43,20.415,1.8,4268.284739,4265.03943999276,3401.96328609389,22277.76,8.27,4394.4517093822
100.076,190,15.9,1.77,1.03,42.23,3.49,137171.7289,162123.12,133457.708148804,162123.12,15.9,290051.468296546
100.076,230,15.9,1.77,1.03,42.23,3.49,122608.4344,157180.339617072,138308.961913198,162123.12,15.9,205359.253149666
100.076,260,15.9,1.77,1.03,42.23,3.49,111478.9753,143590.680865049,109853.357661647,162123.12,15.9,165618.043829533
100.076,300,15.9,1.77,1.03,42.23,3.49,97625.81254,122477.537470133,115668.427812223,162123.12,15.9,129821.641396282
100.076,350,15.9,1.77,1.03,42.23,3.49,82838.9232,95417.5994343812,84404.4081045173,162123.12,15.9,100881.536986459
100.076,390,15.9,1.77,1.03,42.23,3.49,73128.49605,80628.0972550223,68329.6840124004,162123.12,15.9,85084.6282745352
100.076,430,15.9,1.77,1.03,42.23,3.49,65076.14249,69608.4566639867,52962.0259521701,162123.12,15.9,73329.0283684475
100.076,460,15.9,1.77,1.03,42.23,3.49,59955.8318,63064.2649109755,54304.9862710363,162123.12,15.9,66355.9089151725
100.076,230,15.8,1.07,0.65,37.63,3.45,63253.49956,82706.0835228289,60037.5457927369,86966.044,15.8,100289.969894217
100.076,260,15.8,1.07,0.65,37.63,3.45,56631.90959,75104.2445705383,53793.2066430469,86966.044,15.8,79918.0864627137
100.076,300,15.8,1.07,0.65,37.63,3.45,48523.23933,60925.1380535245,38169.686891054,86966.044,15.8,61635.4561405124
100.076,350,15.8,1.07,0.65,37.63,3.45,40072.46414,46421.1429637787,42794.6410540301,86966.044,15.8,46944.5221887934
100.076,390,15.8,1.07,0.65,37.63,3.45,34658.60835,38564.3975107477,42976.378166519,86966.044,15.8,38987.3963890956
100.076,430,15.8,1.07,0.65,37.63,3.45,30262.67132,32762.9994708879,35655.154384411,86966.044,15.8,33112.5743240657
100.076,460,15.8,1.07,0.65,37.63,3.45,27516.36369,29347.6819991445,27258.9582816652,86966.044,15.8,29654.4451866421
100.076,130,16.2,2.28,1.26,33.72,3.77,150170.6155,156118.56,166231.132418069,156118.56,16.2,671218.220391725
100.076,170,16.2,2.28,1.26,33.72,3.77,142997.8135,156118.56,165378.635075288,156118.56,16.2,416205.554144748
100.076,200,16.2,2.28,1.26,33.72,3.77,136022.5077,156118.56,151687.945084145,156118.56,16.2,315718.095117467
100.076,230,16.2,2.28,1.26,33.72,3.77,128255.0721,156118.56,142669.763950399,156118.56,16.2,251274.852149105
100.076,270,16.2,2.28,1.26,33.72,3.77,117558.783,156118.56,126485.756864482,156118.56,16.2,195617.479502621
100.076,320,16.2,2.28,1.26,33.72,3.77,104843.8866,140258.578270872,125085.888396811,156118.56,16.2,152138.723377394
100.076,360,16.2,2.28,1.26,33.72,3.77,95720.45729,127543.181839815,113443.509300266,156118.56,16.2,128879.071770898
100.076,390,16.2,2.28,1.26,33.72,3.77,89572.96721,108382.258596733,89946.3045172719,156118.56,16.2,115569.17367247
100.076,430,16.2,2.28,1.26,33.72,3.77,82273.85135,95447.8776576144,76439.0052258636,156118.56,16.2,101574.812207221
100.076,460,16.2,2.28,1.26,33.72,3.77,77418.23027,87625.2783190993,69160.4316209035,156118.56,16.2,93130.3748335367
100.076,200,16.6,1.57,0.885,35.53,3.8,101808.093,119090.44,105428.560673162,119090.44,16.6,221947.941720764
100.076,240,16.6,1.57,0.885,35.53,3.8,92131.35016,119074.832316429,95981.2230292294,119090.44,16.6,160069.652925184
100.076,270,16.6,1.57,0.885,35.53,3.8,84637.1607,110008.40393494,87174.8079273694,119090.44,16.6,130417.073661264
100.076,300,16.6,1.57,0.885,35.53,3.8,77420.2208,100941.97555345,78491.3994685563,119090.44,16.6,109096.206560499
100.076,350,16.6,1.57,0.885,35.53,3.8,66635.59159,80867.4464563922,53087.0405225864,119090.44,16.6,84771.7542577272
100.076,390,16.6,1.57,0.885,35.53,3.8,59325.48334,68308.6738163577,39852.5662533215,119090.44,16.6,71494.635251648
100.076,430,16.6,1.57,0.885,35.53,3.8,53135.27894,58953.4137903942,34288.4049069974,119090.44,16.6,61614.4403497894
100.076,460,16.6,1.57,0.885,35.53,3.8,49142.04576,53398.895814476,21480.087068202,119090.44,16.6,55753.902712417
100.076,160,12.3,0.8,0.5,20.6,2.89,20865.11587,25319.228,21867.8476527901,25319.228,12.3,41181.8564004892
100.076,190,12.3,0.8,0.5,20.6,2.89,18678.33586,24391.1113883706,20327.4411426041,25319.228,12.3,30178.9118444904
100.076,230,12.3,0.8,0.5,20.6,2.89,15828.82447,20798.7087274116,19550.519486271,25319.228,12.3,21616.8603730227
100.076,260,12.3,0.8,0.5,20.6,2.89,13941.8471,16940.4173600024,14556.584765279,25319.228,12.3,17586.2444182523
100.076,300,12.3,0.8,0.5,20.6,2.89,11841.28105,13449.1239849642,10735.3246235607,25319.228,12.3,13941.2803601263
100.076,350,12.3,0.8,0.5,20.6,2.89,9818.668616,10606.3455761828,9695.80881310895,25319.228,12.3,10976.159926522
100.076,390,12.3,0.8,0.5,20.6,2.89,8580.204996,9041.53987003469,8056.43398139947,25319.228,12.3,9345.76293460406
100.076,430,12.3,0.8,0.5,20.6,2.89,7593.545569,7867.74454306171,7597.05394596989,25319.228,12.3,8123.97868002993
100.076,460,12.3,0.8,0.5,20.6,2.89,6981.199311,7166.38550774325,5628.60400354296,25319.228,12.3,7394.59375425785
100.076,160,14,1.34,0.75,26.76,3.29,55786.29351,63147.956,61167.969530558,63147.956,14,136418.290233895
100.076,190,14,1.34,0.75,26.76,3.29,51710.42843,63147.956,57086.4718777679,63147.956,14,100550.49213902
100.076,230,14,1.34,0.75,26.76,3.29,45864.13624,59714.5867163152,50315.7126660762,63147.956,14,72584.8482584381
100.076,260,14,1.34,0.75,26.76,3.29,41630.14372,54318.4152991183,42755.0505757307,63147.956,14,59384.3344353482
100.076,300,14,1.34,0.75,26.76,3.29,36553.2975,45042.4780984179,35292.1076173605,63147.956,14,47408.6627116152
100.076,350,14,1.34,0.75,26.76,3.29,31284.93481,35837.5026918181,32378.813108946,63147.956,14,37620.1648578001
100.076,390,14,1.34,0.75,26.76,3.29,27868.29303,30738.7343165686,27058.7786093888,63147.956,14,32208.9289087408
100.076,430,14,1.34,0.75,26.76,3.29,25039.86562,26892.3190234169,25409.3703277237,63147.956,14,28134.0041002221
100.076,460,14,1.34,0.75,26.76,3.29,23236.13723,24582.5626120264,18960.6275465013,63147.956,14,25690.7900079982
100.076,160,12.8,0.85,0.55,23.45,2.94,27283.74041,32724.852,29474.0790079717,32724.852,12.8,55433.8669254073
100.076,190,12.8,0.85,0.55,23.45,2.94,24502.9771,31785.3364925729,28381.6034100974,32724.852,12.8,40432.1528018867
100.076,230,12.8,0.85,0.55,23.45,2.94,20801.14297,27306.5892841744,25649.3035872454,32724.852,12.8,28774.1329751294
100.076,260,12.8,0.85,0.55,23.45,2.94,18311.87403,22369.3414745919,22453.1612931798,32724.852,12.8,23296.5530369561
100.076,300,12.8,0.85,0.55,23.45,2.94,15515.82905,17651.4835003288,14279.9069973428,32724.852,12.8,18354.6166821408
100.076,350,12.8,0.85,0.55,23.45,2.94,12808.9731,13824.0789007536,11178.8403454384,32724.852,12.8,14348.8644248627
100.076,390,12.8,0.85,0.55,23.45,2.94,11149.73067,11726.2402383772,10656.1886625332,32724.852,12.8,12155.4975881404
100.076,430,12.8,0.85,0.55,23.45,2.94,9829.607794,10158.8531761507,7940.21660761736,32724.852,12.8,10518.3193210649
100.076,460,12.8,0.85,0.55,23.45,2.94,9012.077041,9225.67783168604,8197.94561558902,32724.852,12.8,9544.45568557189
100.076,160,13,1.22,0.705,23.78,3.05,40166.5607,46835.568,45008.1700620018,46835.568,13,88435.4260308947
100.076,190,13,1.22,0.705,23.78,3.05,36772.08905,46835.568,42946.9116917626,46835.568,13,65576.2649415907
100.076,230,13,1.22,0.705,23.78,3.05,32160.4754,42919.2439023873,37637.4342781222,46835.568,13,47710.4864841595
100.076,260,13,1.22,0.705,23.78,3.05,28968.98191,38828.1516967515,34545.2373782108,46835.568,13,39250.3607573115
100.076,300,13,1.22,0.705,23.78,3.05,25268.62035,30168.1082240825,25387.7949512843,46835.568,13,31547.1235767527
100.076,350,13,1.22,0.705,23.78,3.05,21539.66192,24171.235425322,21679.513064659,46835.568,13,25217.5985209657
100.076,390,13,1.22,0.705,23.78,3.05,19165.70126,20830.5720675027,18072.3081045173,46835.568,13,21698.5170731121
100.076,430,13,1.22,0.705,23.78,3.05,17219.26361,18297.9418816168,17027.2915854739,46835.568,13,19035.1226980032
100.076,460,13,1.22,0.705,23.78,3.05,15984.42943,16770.6559947123,15087.0038086802,46835.568,13,17431.2804046404
100.076,120,10.5,0.76,0.545,29.04,2.15,28805.6624,34626.296,26529.7488042515,34626.296,10.5,58197.1727005815
100.076,140,10.5,0.76,0.545,29.04,2.15,26075.5888,33782.3302217179,29389.5998228521,34626.296,10.5,43393.8357610802
100.076,160,10.5,0.76,0.545,29.04,2.15,23265.66436,30627.1176467601,23444.0425155004,34626.296,10.5,33777.1590434742
100.076,180,10.5,0.76,0.545,29.04,2.15,20599.70004,26485.9726738227,24112.4404782994,34626.296,10.5,27175.4825500464
100.076,200,10.5,0.76,0.545,29.04,2.15,18201.47913,21886.5320748623,21832.7511071745,34626.296,10.5,22445.1275016149
100.076,230,10.5,0.76,0.545,29.04,2.15,15182.3337,17090.6170009326,15740.4126217892,34626.296,10.5,17513.454118696
100.076,260,10.5,0.76,0.545,29.04,2.15,12805.65281,13841.0311692308,11887.2,34626.296,10.5,14172.6720144263
100.076,290,10.5,0.76,0.545,29.04,2.15,10949.82439,11532.1726072417,11053.2408325952,34626.296,10.5,11799.7090996251
100.076,140,10,0.745,0.49,26.155,2.12,20615.35614,26885.1232664737,21828.3752878654,27821.128,10,33514.034112772
100.076,160,10,0.745,0.49,26.155,2.12,18336.3504,24312.3617079226,19956.79574845,27821.128,10,26150.3823730462
100.076,180,10,0.745,0.49,26.155,2.12,16203.44581,20496.4358582017,17628.2186891054,27821.128,10,21093.2559939283
100.076,230,10,0.745,0.49,26.155,2.12,11936.84781,13318.0367701042,13550.3094331267,27821.128,10,13684.5379279178
100.076,290,10,0.745,0.49,26.155,2.12,8644.863087,9060.20681249552,8432.03113817538,27821.128,10,9292.75895692078
100.076,190,15.8,1.58,0.83,38.12,3.58,106201.7398,125095,116272.830823738,125095,15.8,226770.317153377
100.076,230,15.8,1.58,0.83,38.12,3.58,95065.49407,124701.764338959,97573.1719663419,125095,15.8,160427.319634047
100.076,260,15.8,1.58,0.83,38.12,3.58,86512.13436,114821.616206436,96002.2134632418,125095,15.8,129302.130477284
100.076,300,15.8,1.58,0.83,38.12,3.58,75821.67376,97198.5523234981,83270.097874225,125095,15.8,101273.120580855
100.076,350,15.8,1.58,0.83,38.12,3.58,64366.62319,75597.7386254591,62346.5385296723,125095,15.8,78621.286286638
100.076,390,15.8,1.58,0.83,38.12,3.58,56824.82005,63801.8338522104,57555.7025686448,125095,15.8,66262.5653509353
100.076,430,15.8,1.58,0.83,38.12,3.58,50562.09819,55019.9209814994,41755.6089459699,125095,15.8,57069.7659305951
100.076,460,15.8,1.58,0.83,38.12,3.58,46576.74914,49808.631797025,41727.0930026572,125095,15.8,51619.1784426203
100.076,180,12.9,2.07,1.29,13.03,3.31,36007.41784,38629.336,33781.0663418955,38629.336,12.9,117571.101744134
100.076,250,12.9,2.07,1.29,13.03,3.31,33818.90408,38629.336,30170.6554472985,38629.336,12.9,79874.4748935812
100.076,300,12.9,2.07,1.29,13.03,3.31,32173.95802,38629.336,34454.6837909655,38629.336,12.9,65199.7397538503
100.076,390,12.9,2.07,1.29,13.03,3.31,29268.15821,38629.336,30490.3433569531,38629.336,12.9,49161.2658583284
100.076,590,12.9,2.07,1.29,13.03,3.31,23711.5394,31435.1791210526,24312.2961824624,38629.336,12.9,31951.1569685417
100.076,650,12.9,2.07,1.29,13.03,3.31,22327.95005,26377.4166118427,18510.4299822852,38629.336,12.9,28933.5267895907
100.076,690,12.9,2.07,1.29,13.03,3.31,21473.6619,24822.1851383246,19540.7526350753,38629.336,12.9,27222.2725542448
100.076,730,12.9,2.07,1.29,13.03,3.31,20670.51016,23441.31390888,20486.1180248007,38629.336,12.9,25703.6508762108
100.076,780,12.9,2.07,1.29,13.03,3.31,19733.82687,21918.4457455499,18423.8438795394,38629.336,12.9,24029.6777172125
100.076,820,12.9,2.07,1.29,13.03,3.31,19034.54759,20836.3219046072,15627.1801417183,38629.336,12.9,22840.6739631857
100.076,160,15.1,1.5,0.83,29.8,3.51,76585.62766,84764.372,84132.4492471214,84764.372,15.1,207048.186568712
100.076,190,15.1,1.5,0.83,29.8,3.51,71760.9452,84764.372,76142.2256864482,84764.372,15.1,151994.215291313
100.076,230,15.1,1.5,0.83,29.8,3.51,64514.03026,84764.372,69308.2926926484,84764.372,15.1,109129.623958943
100.076,260,15.1,1.5,0.83,29.8,3.51,59044.5212,78734.6514528626,64854.6141718335,84764.372,15.1,88935.349469261
100.076,300,15.1,1.5,0.83,29.8,3.51,52266.00571,70169.8135827976,53515.1452612932,84764.372,15.1,70656.3430537554
100.076,350,15.1,1.5,0.83,29.8,3.51,45010.20049,53415.0022802225,43773.2103631532,84764.372,15.1,55765.8428440144
100.076,390,15.1,1.5,0.83,29.8,3.51,40203.49311,45632.8768213076,45825.9983170948,84764.372,15.1,47565.0796618288
100.076,430,15.1,1.5,0.83,29.8,3.51,36175.31134,39784.2728046226,30379.4124003543,84764.372,15.1,41410.5437715242
100.076,460,15.1,1.5,0.83,29.8,3.51,33587.45226,36283.7706526029,28537.0574844996,84764.372,15.1,37731.5439663666
100.076,190,15.7,1.15,0.715,32.55,3.56,65221.3874,77358.748,67498.3852081488,77358.748,15.7,136542.663769311
100.076,230,15.7,1.15,0.715,32.55,3.56,58009.35031,76103.9529225129,63330.4623117803,77358.748,15.7,95930.4526479232
100.076,260,15.7,1.15,0.715,32.55,3.56,52479.20923,69777.6982994206,61351.832683791,77358.748,15.7,76904.135497707
100.076,300,15.7,1.15,0.715,32.55,3.56,45599.05646,57339.2270648089,52254.0318866253,77358.748,15.7,59801.992632879
100.076,350,15.7,1.15,0.715,32.55,3.56,38287.25282,44197.17988738,34591.4703277237,77358.748,15.7,46022.4910464904
100.076,390,15.7,1.15,0.715,32.55,3.56,33518.7338,37049.4664644308,27800.6318423384,77358.748,15.7,38532.781736271
100.076,430,15.7,1.15,0.715,32.55,3.56,29592.7804,31749.4697363363,29572.113108946,77358.748,15.7,32982.7483850394
100.076,460,15.7,1.15,0.715,32.55,3.56,27112.9677,28616.4188975979,21599.3590788308,77358.748,15.7,29703.9248611681
100.076,120,12.5,1.15,0.72,20.95,2.95,34789.41731,37328.348,38052.2821966342,37328.348,12.5,113465.639870038
100.076,160,12.5,1.15,0.72,20.95,2.95,31730.05941,37328.348,29350.7911426041,37328.348,12.5,68000.0417503243
100.076,190,12.5,1.15,0.72,20.95,2.95,29018.78017,37328.348,28795.8101417183,37328.348,12.5,50841.2821969976
100.076,230,12.5,1.15,0.72,20.95,2.95,25414.89224,34031.4693479291,27948.8472542073,37328.348,12.5,37377.985648151
100.076,260,12.5,1.15,0.72,20.95,2.95,22954.26441,30802.6304109213,26030.230469442,37328.348,12.5,30970.450670057
100.076,300,12.5,1.15,0.72,20.95,2.95,20118.09546,23787.5331007474,21006.6324180691,37328.348,12.5,25103.8718854878
100.076,350,12.5,1.15,0.72,20.95,2.95,17262.22755,19236.9052622029,16436.8540744021,37328.348,12.5,20246.6289843129
100.076,390,12.5,1.15,0.72,20.95,2.95,15437.58447,16679.9649967682,15693.6397254207,37328.348,12.5,17524.5949371304
100.076,430,12.5,1.15,0.72,20.95,2.95,13933.98064,14727.415213643,11851.1922940655,37328.348,12.5,15450.5085735667
100.076,460,12.5,1.15,0.72,20.95,2.95,12975.28846,13542.8296501203,12150.480336581,37328.348,12.5,14194.4483204195
100.076,120,11.4,1.59,0.89,18.41,2.76,37028.91526,39830.248,40113.1243578388,39830.248,11.4,118607.649778694
100.076,160,11.4,1.59,0.89,18.41,2.76,34195.8453,39830.248,33479.0448184234,39830.248,11.4,75547.7083284262
100.076,190,11.4,1.59,0.89,18.41,2.76,31851.45234,39830.248,32415.9513286094,39830.248,11.4,58842.7482114928
100.076,230,11.4,1.59,0.89,18.41,2.76,28799.28565,38816.8267964779,31482.8950398583,39830.248,11.4,45318.7399730794
100.076,260,11.4,1.59,0.89,18.41,2.76,26691.90842,36014.7461218,26428.7224977857,39830.248,11.4,38654.4474867391
100.076,300,11.4,1.59,0.89,18.41,2.76,24186.23743,32278.6385555628,22758.9286979628,39830.248,11.4,32345.8757601208
100.076,350,11.4,1.59,0.89,18.41,2.76,21530.89921,25297.7617243608,21379.7019486271,39830.248,11.4,26906.4012213552
100.076,390,11.4,1.59,0.89,18.41,2.76,19740.3835,22356.273320511,18136.7980070859,39830.248,11.4,23741.4175704129
100.076,430,11.4,1.59,0.89,18.41,2.76,18197.4359,20042.5291049275,17313.1596988485,39830.248,11.4,21258.9620209057
100.076,460,11.4,1.59,0.89,18.41,2.76,17177.65902,18606.1740645784,18137.6248007086,39830.248,11.4,19721.1232603918
100.076,250,15.7,1.44,0.89,14.06,4.05,30422.77706,35526.98,31863.0513728964,35526.98,15.7,66670.8933002403
100.076,290,15.7,1.44,0.89,14.06,4.05,28812.11944,35526.98,33050.1132860939,35526.98,15.7,54820.7642836616
100.076,330,15.7,1.44,0.89,14.06,4.05,27228.42312,35526.98,27534.9442426926,35526.98,15.7,46575.0776440502
100.076,380,15.7,1.44,0.89,14.06,4.05,25350.82172,34405.3213496156,26484.010806023,35526.98,15.7,39250.2309042204
100.076,450,15.7,1.44,0.89,14.06,4.05,22974.09115,31025.1376572625,23077.4382860939,35526.98,15.7,32229.1337404493
100.076,480,15.7,1.44,0.89,14.06,4.05,22050.29976,29576.4875033969,24662.8015589017,35526.98,15.7,29951.6860107136
100.076,530,15.7,1.44,0.89,14.06,4.05,20632.18974,25167.5781627233,18865.4011691763,35526.98,15.7,26811.9201299913
100.076,560,15.7,1.44,0.89,14.06,4.05,19850.03484,23698.4648780343,19811.2665721878,35526.98,15.7,25232.899308802
100.076,600,15.7,1.44,0.89,14.06,4.05,18881.11972,21993.0093775377,17114.5267493357,35526.98,15.7,23402.3933098104
100.076,100,11.1,0.77,0.48,17.63,2.63,17513.47538,18614.136,19480.4388839681,18614.136,11.1,61614.148186175
100.076,130,11.1,0.77,0.48,17.63,2.63,16228.81765,18614.136,15804.4863153233,18614.136,11.1,37757.270207197
100.076,170,11.1,0.77,0.48,17.63,2.63,14021.02971,18533.380010223,15299.5460141718,18614.136,11.1,23341.967545161
100.076,200,11.1,0.77,0.48,17.63,2.63,12330.76316,16547.5267187551,13717.6873339238,18614.136,11.1,17666.4088390982
100.076,220,11.1,0.77,0.48,17.63,2.63,11288.0608,14445.8067352996,13280.780336581,18614.136,11.1,15082.4805749807
100.076,260,11.1,0.77,0.48,17.63,2.63,9491.736046,11085.5796481065,10735.1558901683,18614.136,11.1,11549.053023547
100.076,280,11.1,0.77,0.48,17.63,2.63,8740.129348,9900.52763468502,8792.6745792737,18614.136,11.1,10304.206509617
100.076,300,11.1,0.77,0.48,17.63,2.63,8076.971798,8933.42571199413,8321.25597874225,18614.136,11.1,9289.03505977533
100.076,330,11.1,0.77,0.48,17.63,2.63,7226.601321,7781.10313422386,8484.45491585474,18614.136,11.1,8080.54568024892
100.076,350,11.1,0.77,0.48,17.63,2.63,6741.709393,7161.09341140673,6433.43866253321,18614.136,11.1,7430.94203944497
100.076,180,15.6,1.19,0.745,13.81,4,26398.44925,28721.812,22382.7544729849,28721.812,15.6,78426.0372393221
100.076,250,15.6,1.19,0.745,13.81,4,23826.50636,28721.812,27495.6687333924,28721.812,15.6,47796.6373965499
100.076,290,15.6,1.19,0.745,13.81,4,22279.14888,28721.812,25513.8275465013,28721.812,15.6,38884.9807546413
100.076,350,15.6,1.19,0.745,13.81,4,20081.37524,27269.6291795985,22744.0632860939,28721.812,15.6,30371.1975779443
100.076,410,15.6,1.19,0.745,13.81,4,18129.89953,24495.0658220253,19463.2280779451,28721.812,15.6,24942.3138375382
100.076,450,15.6,1.19,0.745,13.81,4,16977.03814,21148.1970917942,18814.6506643047,28721.812,15.6,22303.9677230953
100.076,480,15.6,1.19,0.745,13.81,4,16186.38693,19617.5816896422,13736.3829937998,28721.812,15.6,20672.7250286558
100.076,530,15.6,1.19,0.745,13.81,4,14997.54721,17516.9831196578,15044.5600487157,28721.812,15.6,18438.3391671347
100.076,560,15.6,1.19,0.745,13.81,4,14354.2961,16464.8717602283,13301.7707705934,28721.812,15.6,17321.1775392793
100.076,600,15.6,1.19,0.745,13.81,4,13569.21471,15248.8562796073,11419.3023029229,28721.812,15.6,16031.6597312804
100.076,100,8.28,0.935,0.57,8.065,2.12,6516.895381,7015.3276,6570.08458813109,7015.3276,8.28,20760.4308522781
100.076,150,8.28,0.935,0.57,8.065,2.12,5879.073212,7015.3276,6457.00509300266,7015.3276,8.28,12107.3333719142
100.076,190,8.28,0.935,0.57,8.065,2.12,5356.221001,7015.3276,5668.62643932684,7015.3276,8.28,9105.8673923035
100.076,240,8.28,0.935,0.57,8.065,2.12,4760.580242,6449.75886342594,4677.01966341896,7015.3276,8.28,6978.38689229368
100.076,280,8.28,0.935,0.57,8.065,2.12,4344.359994,5812.76690628765,4314.91780336581,7015.3276,8.28,5891.36014653097
100.076,320,8.28,0.935,0.57,8.065,2.12,3980.505572,4766.51654659906,3972.74898139947,7015.3276,8.28,5103.11147193368
100.076,360,8.28,0.935,0.57,8.065,2.12,3663.534677,4210.55603798954,3725.0258635961,7015.3276,8.28,4504.24143753888
100.076,390,8.28,0.935,0.57,8.065,2.12,3452.759138,3873.0564137017,2752.22723649247,7015.3276,8.28,4141.29373849187
100.076,430,8.28,0.935,0.57,8.065,2.12,3202.783036,3500.11361461118,3006.69406554473,7015.3276,8.28,3740.73442446083
100.076,460,8.28,0.935,0.57,8.065,2.12,3035.60144,3264.90166794383,2584.39937998229,7015.3276,8.28,3488.36519622068
100.076,120,10.4,1.25,0.755,10.15,2.68,13836.20819,14711.172,13980.506465899,14711.172,10.4,48523.5814537419
100.076,160,10.4,1.25,0.755,10.15,2.68,13085.77426,14711.172,14253.5170947741,14711.172,10.4,32920.4277182691
100.076,190,10.4,1.25,0.755,10.15,2.68,12474.69432,14711.172,12732.4755535872,14711.172,10.4,26546.3874321868
100.076,230,10.4,1.25,0.755,10.15,2.68,11656.32015,14711.172,13070.3754207263,14711.172,10.4,21146.7291724278
100.076,290,10.4,1.25,0.755,10.15,2.68,10499.34382,14225.6694694125,11446.9858281665,14711.172,10.4,16259.5846132818
100.076,350,10.4,1.25,0.755,10.15,2.68,9472.570309,12739.8549761002,9663.24889282551,14711.172,10.4,13241.2418115023
100.076,390,10.4,1.25,0.755,10.15,2.68,8864.754958,11749.3119805586,9036.92178919398,14711.172,10.4,11793.7065910604
100.076,430,10.4,1.25,0.755,10.15,2.68,8314.824452,9853.83528941538,8078.79734278122,14711.172,10.4,10636.6571225999
100.076,480,10.4,1.25,0.755,10.15,2.68,7701.373074,8787.22505117255,7515.52028343667,14711.172,10.4,9479.21503210356
100.076,500,10.4,1.25,0.755,10.15,2.68,7476.88484,8423.41313730347,6340.43844109832,14711.172,10.4,9084.86774517286
100.076,70,5.5,0.345,0.25,15.355,1.12,3416.907613,4399.55130571425,3466.15509300266,4423.3592,5.5,5921.51447235096
100.076,80,5.5,0.345,0.25,15.355,1.12,3064.777554,4004.62589663363,3293.49583702392,4423.3592,5.5,4589.75964391936
100.076,90,5.5,0.345,0.25,15.355,1.12,2722.688205,3609.70048755301,2900.42577502214,4423.3592,5.5,3676.06684371079
100.076,120,5.5,0.345,0.25,15.355,1.12,1892.608778,2135.9780921255,1827.72010628875,4423.3592,5.5,2168.03383575033
100.076,140,5.5,0.345,0.25,15.355,1.12,1513.460136,1627.52052059939,1426.63633303809,4423.3592,5.5,1651.15890029733
100.076,160,5.5,0.345,0.25,15.355,1.12,1238.273437,1295.60709580436,1184.73339238264,4423.3592,5.5,1313.80299935702
100.076,180,5.5,0.345,0.25,15.355,1.12,1036.017019,1066.3129730463,911.160318866253,4423.3592,5.5,1080.79398745003
100.076,200,5.5,0.345,0.25,15.355,1.12,884.2632658,900.735574143487,674.033658104517,4423.3592,5.5,912.572070398066
100.076,190,16.5,1.26,0.76,35.24,3.71,82975.45685,96373.188,97648.8095217006,96373.188,16.5,184987.671283814
100.076,230,16.5,1.26,0.76,35.24,3.71,74604.1407,96373.188,88282.2445527015,96373.188,16.5,129758.407869705
100.076,270,16.5,1.26,0.76,35.24,3.71,65821.83213,87425.5654493029,69511.0539858282,96373.188,16.5,97111.9955277485
100.076,310,16.5,1.26,0.76,35.24,3.71,57584.94468,73737.7912583938,63194.6038086803,96373.188,16.5,76183.3987929961
100.076,350,16.5,1.26,0.76,35.24,3.71,50360.00209,60005.5408155392,52888.6100531444,96373.188,16.5,61934.4154243699
100.076,390,16.5,1.26,0.76,35.24,3.71,44244.90672,50205.9743427964,47685.0184676705,96373.188,16.5,51770.2872716638
100.076,430,16.5,1.26,0.76,35.24,3.71,39150.85032,42946.8199248051,39572.1763507529,96373.188,16.5,44244.6652255834
100.076,460,16.5,1.26,0.76,35.24,3.71,35908.87588,38659.7458927994,32087.2755535873,96373.188,16.5,39802.2914685109
100.076,80,7.07,0.63,0.38,15.67,1.59,8013.496785,9206.992,7717.82037201063,9206.992,7.07,18531.5655231412
100.076,100,7.07,0.63,0.38,15.67,1.59,7112.756514,9206.992,7752.84942426927,9206.992,7.07,12328.314238928
100.076,120,7.07,0.63,0.38,15.67,1.59,6172.616344,8198.85142896841,6431.84694419841,9206.992,7.07,8942.61334332007
100.076,130,7.07,0.63,0.38,15.67,1.59,5729.748809,7652.38783223101,6398.83144375554,9206.992,7.07,7798.30559129646
100.076,160,7.07,0.63,0.38,15.67,1.59,4593.313568,5312.41201538482,4856.01204605846,9206.992,7.07,5538.80098642109
100.076,190,7.07,0.63,0.38,15.67,1.59,3748.228501,4073.45723723648,3843.59481842338,9206.992,7.07,4238.12450546957
100.076,230,7.07,0.63,0.38,15.67,1.59,2963.663357,3084.84306000978,2711.69185119575,9206.992,7.07,3202.01989571337
100.076,260,7.07,0.63,0.38,15.67,1.59,2548.089553,2605.01122483507,2049.78449955713,9206.992,7.07,2700.07659180933
100.076,290,7.07,0.63,0.38,15.67,1.59,2230.429293,2253.81203307758,1824.86288751107,9206.992,7.07,2333.26065297847
100.076,100,8.27,0.685,0.43,20.415,1.8,13289.61182,16012.16,13994.0163861825,16012.16,8.27,26692.2355726477
100.076,120,8.27,0.685,0.43,20.415,1.8,11798.99264,15424.3003316781,13561.0352524358,16012.16,8.27,19034.2649982646
100.076,140,8.27,0.685,0.43,20.415,1.8,10307.35859,13695.3369750837,10695.7172719221,16012.16,8.27,14404.7744089955
100.076,160,8.27,0.685,0.43,20.415,1.8,8954.754977,10985.6010302991,10363.649955713,16012.16,8.27,11388.7581557103
100.076,180,8.27,0.685,0.43,20.415,1.8,7795.020392,8990.58556127946,9601.50372010629,16012.16,8.27,9310.48195463137
100.076,200,8.27,0.685,0.43,20.415,1.8,6827.905582,7553.65276987726,6182.27900797166,16012.16,8.27,7814.23975509954
100.076,230,8.27,0.685,0.43,20.415,1.8,5685.243837,6043.9041427663,4758.33228520815,16012.16,8.27,6243.17257117581
100.076,260,8.27,0.685,0.43,20.415,1.8,4827.052082,5009.48529746617,4499.08467670505,16012.16,8.27,5167.69519099969
100.076,290,8.27,0.685,0.43,20.415,1.8,4172.988353,4265.03943999276,3386.95726306466,16012.16,8.27,4394.4517093822
