Lb/ry,h/tw,B/2t,h/B,tf/tw,E/Fy,Mp/Mcr,Mn/Mp
45.84527221,41,4.491525424,2.655974843,1.718446602,208.279468,0.558946041,0.843662751
54.44126074,41,4.491525424,2.655974843,1.718446602,208.279468,0.789460993,0.76074395
65.9025788,41,4.491525424,2.655974843,1.718446602,208.279468,0.978897687,0.647926276
74.49856734,41,4.491525424,2.655974843,1.718446602,208.279468,1.248814283,0.570787719
85.95988539,41,4.491525424,2.655974843,1.718446602,208.279468,1.607064334,0.483206966
100.286533,41,4.491525424,2.655974843,1.718446602,208.279468,1.905433723,0.397766501
111.747851,41,4.491525424,2.655974843,1.718446602,208.279468,2.210899607,0.345224447
123.2091691,41,4.491525424,2.655974843,1.718446602,208.279468,2.443235616,0.303408023
131.8051576,41,4.491525424,2.655974843,1.718446602,208.279468,0.867145978,0.277534611
66.66666667,57.89230769,7.38317757,2.38164557,1.646153846,208.279468,1.088189768,0.614579486
75.36231884,57.89230769,7.38317757,2.38164557,1.646153846,208.279468,1.410974291,0.532433097
86.95652174,57.89230769,7.38317757,2.38164557,1.646153846,208.279468,1.852528047,0.440880806
101.4492754,57.89230769,7.38317757,2.38164557,1.646153846,208.279468,2.230619432,0.353580463
113.0434783,57.89230769,7.38317757,2.38164557,1.646153846,208.279468,2.6263752,0.301035755
124.6376812,57.89230769,7.38317757,2.38164557,1.646153846,208.279468,2.932647819,0.259940202
133.3333333,57.89230769,7.38317757,2.38164557,1.646153846,208.279468,0.232589872,0.234879351
31.83023873,26.76190476,3.552631579,2.081481481,1.80952381,208.279468,0.375099656,0.948079935
42.4403183,26.76190476,3.552631579,2.081481481,1.80952381,208.279468,0.49448721,0.880905826
50.39787798,26.76190476,3.552631579,2.081481481,1.80952381,208.279468,0.621305947,0.817593257
61.00795756,26.76190476,3.552631579,2.081481481,1.80952381,208.279468,0.798080828,0.728331941
68.96551724,26.76190476,3.552631579,2.081481481,1.80952381,208.279468,1.026159261,0.66429574
79.57559682,26.76190476,3.552631579,2.081481481,1.80952381,208.279468,1.211356955,0.587691639
92.83819629,26.76190476,3.552631579,2.081481481,1.80952381,208.279468,1.350866802,0.507920299
103.4482759,26.76190476,3.552631579,2.081481481,1.80952381,208.279468,1.536981035,0.455791378
114.0583554,26.76190476,3.552631579,2.081481481,1.80952381,208.279468,1.67634416,0.412275053
122.0159151,26.76190476,3.552631579,2.081481481,1.80952381,208.279468,0.536569247,0.38430852
50,40.14689266,5.286624204,2.140361446,1.774011299,208.279468,0.743991368,0.798587678
60.52631579,40.14689266,5.286624204,2.140361446,1.774011299,208.279468,0.913150684,0.694152382
68.42105263,40.14689266,5.286624204,2.140361446,1.774011299,208.279468,1.091609358,0.619368616
78.94736842,40.14689266,5.286624204,2.140361446,1.774011299,208.279468,1.404836328,0.531299944
92.10526316,40.14689266,5.286624204,2.140361446,1.774011299,208.279468,1.665725541,0.442363948
102.6315789,40.14689266,5.286624204,2.140361446,1.774011299,208.279468,1.932833266,0.386317093
113.1578947,40.14689266,5.286624204,2.140361446,1.774011299,208.279468,2.136001862,0.341039893
121.0526316,40.14689266,5.286624204,2.140361446,1.774011299,208.279468,0.61481512,0.312749597
34.60207612,41.2,7.6875,1.674796748,1.6,208.279468,0.838970872,0.923963716
44.98269896,41.2,7.6875,1.674796748,1.6,208.279468,1.171272218,0.837302302
55.3633218,41.2,7.6875,1.674796748,1.6,208.279468,1.439717736,0.731647573
65.74394464,41.2,7.6875,1.674796748,1.6,208.279468,1.816133622,0.626393152
69.20415225,41.2,7.6875,1.674796748,1.6,208.279468,2.306747366,0.593730013
79.58477509,41.2,7.6875,1.674796748,1.6,208.279468,2.709166515,0.505979516
89.96539792,41.2,7.6875,1.674796748,1.6,208.279468,3.116604437,0.434050673
100.3460208,41.2,7.6875,1.674796748,1.6,208.279468,3.424018796,0.37617452
107.266436,41.2,7.6875,1.674796748,1.6,208.279468,0.462899483,0.344093728
117.6470588,41.2,7.6875,1.674796748,1.6,208.279468,0.628022346,0.303844802
48.63221884,35.68,5.223880597,1.911428571,1.786666667,208.279468,0.869988124,0.812574884
57.75075988,35.68,5.223880597,1.911428571,1.786666667,208.279468,1.063377347,0.724916274
66.86930091,35.68,5.223880597,1.911428571,1.786666667,208.279468,1.331991927,0.639937797
75.98784195,35.68,5.223880597,1.911428571,1.786666667,208.279468,1.678566701,0.563776889
88.14589666,35.68,5.223880597,1.911428571,1.786666667,208.279468,1.960572988,0.478969659
97.26443769,35.68,5.223880597,1.911428571,1.786666667,208.279468,2.244542077,0.427161673
109.4224924,35.68,5.223880597,1.911428571,1.786666667,208.279468,2.457999773,0.371099675
118.5410334,35.68,5.223880597,1.911428571,1.786666667,208.279468,0.590340415,0.336898747
121.5805471,35.68,5.223880597,1.911428571,1.786666667,208.279468,0.809376937,0.326734416
44.21768707,42.63636364,7.529411765,1.83203125,1.545454545,208.279468,1.137301062,0.847370758
54.42176871,42.63636364,7.529411765,1.83203125,1.545454545,208.279468,1.404707896,0.744275144
64.62585034,42.63636364,7.529411765,1.83203125,1.545454545,208.279468,1.782922115,0.639145251
68.02721088,42.63636364,7.529411765,1.83203125,1.545454545,208.279468,2.280657969,0.606103982
78.23129252,42.63636364,7.529411765,1.83203125,1.545454545,208.279468,2.692185307,0.516528697
88.43537415,42.63636364,7.529411765,1.83203125,1.545454545,208.279468,3.111224427,0.442395075
98.63945578,42.63636364,7.529411765,1.83203125,1.545454545,208.279468,3.428676614,0.382423104
105.4421769,42.63636364,7.529411765,1.83203125,1.545454545,208.279468,0.529601881,0.349104855
115.6462585,42.63636364,7.529411765,1.83203125,1.545454545,208.279468,0.714215243,0.30727375
42.62295082,33.73049645,5.327868852,1.829230769,1.730496454,208.279468,0.981661925,0.866650532
52.45901639,33.73049645,5.327868852,1.829230769,1.730496454,208.279468,1.193251911,0.776380754
62.29508197,33.73049645,5.327868852,1.829230769,1.730496454,208.279468,1.484622453,0.682545865
65.57377049,33.73049645,5.327868852,1.829230769,1.730496454,208.279468,1.857257263,0.652552539
75.40983607,33.73049645,5.327868852,1.829230769,1.730496454,208.279468,2.158468611,0.569764773
85.24590164,33.73049645,5.327868852,1.829230769,1.730496454,208.279468,2.460481539,0.499343781
95.08196721,33.73049645,5.327868852,1.829230769,1.730496454,208.279468,2.68686906,0.440865788
101.6393443,33.73049645,5.327868852,1.829230769,1.730496454,208.279468,0.594982443,0.407700621
111.4754098,33.73049645,5.327868852,1.829230769,1.730496454,208.279468,0.797954258,0.365274213
55.81395349,53.28440367,6.907894737,2.765714286,1.394495413,208.279468,1.025139384,0.741865275
65.11627907,53.28440367,6.907894737,2.765714286,1.394495413,208.279468,1.274174099,0.644161934
74.41860465,53.28440367,6.907894737,2.765714286,1.394495413,208.279468,1.542708813,0.554043051
83.72093023,53.28440367,6.907894737,2.765714286,1.394495413,208.279468,1.977125458,0.476133857
93.02325581,53.28440367,6.907894737,2.765714286,1.394495413,208.279468,2.443173451,0.411053686
106.9767442,53.28440367,6.907894737,2.765714286,1.394495413,208.279468,2.934504207,0.334472179
120.9302326,53.28440367,6.907894737,2.765714286,1.394495413,208.279468,0.830133666,0.27754097
134.8837209,53.28440367,6.907894737,2.765714286,1.394495413,208.279468,1.063889912,0.234741708
66.03773585,53.37755102,6.711409396,2.6155,1.520408163,208.279468,1.318958439,0.630164147
75.47169811,53.37755102,6.711409396,2.6155,1.520408163,208.279468,2.033033789,0.540599126
84.90566038,53.37755102,6.711409396,2.6155,1.520408163,208.279468,2.993850172,0.464068872
94.33962264,53.37755102,6.711409396,2.6155,1.520408163,208.279468,0.551637452,0.400659919
108.490566,53.37755102,6.711409396,2.6155,1.520408163,208.279468,0.779761205,0.326512799
122.6415094,53.37755102,6.711409396,2.6155,1.520408163,208.279468,0.967462791,0.271620686
136.7924528,53.37755102,6.711409396,2.6155,1.520408163,208.279468,1.235224108,0.230422351
53.0726257,45.92771084,5,2.412658228,1.903614458,208.279468,1.59110854,0.76461799
64.24581006,45.92771084,5,2.412658228,1.903614458,208.279468,1.887868351,0.652261069
72.62569832,45.92771084,5,2.412658228,1.903614458,208.279468,2.191966236,0.575049537
83.79888268,45.92771084,5,2.412658228,1.903614458,208.279468,2.42342098,0.487071525
97.76536313,45.92771084,5,2.412658228,1.903614458,208.279468,0.328561487,0.40098783
108.9385475,45.92771084,5,2.412658228,1.903614458,208.279468,0.483625539,0.347957717
120.1117318,45.92771084,5,2.412658228,1.903614458,208.279468,0.592476843,0.305719227
128.4916201,45.92771084,5,2.412658228,1.903614458,208.279468,0.785767724,0.279575626
51.35951662,10.10077519,3.115942029,1.010077519,1.604651163,208.279468,1.209012119,0.897392182
69.48640483,10.10077519,3.115942029,1.010077519,1.604651163,208.279468,1.335106373,0.825300468
84.59214502,10.10077519,3.115942029,1.010077519,1.604651163,208.279468,1.419034209,0.765969638
93.65558912,10.10077519,3.115942029,1.010077519,1.604651163,208.279468,1.50287351,0.732014073
105.7401813,10.10077519,3.115942029,1.010077519,1.604651163,208.279468,1.607567794,0.68924592
126.8882175,10.10077519,3.115942029,1.010077519,1.604651163,208.279468,1.691252021,0.621866576
145.0151057,10.10077519,3.115942029,1.010077519,1.604651163,208.279468,0.409394419,0.571506577
151.0574018,10.10077519,3.115942029,1.010077519,1.604651163,208.279468,0.557681566,0.55612965
166.163142,10.10077519,3.115942029,1.010077519,1.604651163,208.279468,0.776731092,0.520508052
181.2688822,10.10077519,3.115942029,1.010077519,1.604651163,208.279468,0.953101017,0.488557535
45.58404558,35.90361446,5.033333333,1.973509934,1.807228916,208.279468,1.199671089,0.841907043
54.13105413,35.90361446,5.033333333,1.973509934,1.807228916,208.279468,1.520005216,0.761413178
65.52706553,35.90361446,5.033333333,1.973509934,1.807228916,208.279468,1.782071482,0.653623013
74.07407407,35.90361446,5.033333333,1.973509934,1.807228916,208.279468,2.046927287,0.580471574
85.47008547,35.90361446,5.033333333,1.973509934,1.807228916,208.279468,2.246512151,0.497433291
99.71509972,35.90361446,5.033333333,1.973509934,1.807228916,208.279468,0.566553675,0.415933461
111.1111111,35.90361446,5.033333333,1.973509934,1.807228916,208.279468,0.806404493,0.365307257
122.5071225,35.90361446,5.033333333,1.973509934,1.807228916,208.279468,1.005911418,0.324589713
131.0541311,35.90361446,5.033333333,1.973509934,1.807228916,208.279468,1.293581444,0.299149329
53.37078652,45.52447552,6.826086957,2.073248408,1.608391608,208.279468,1.680890066,0.756726894
64.60674157,45.52447552,6.826086957,2.073248408,1.608391608,208.279468,2.007608704,0.640445628
73.03370787,45.52447552,6.826086957,2.073248408,1.608391608,208.279468,2.34543062,0.560911371
84.26966292,45.52447552,6.826086957,2.073248408,1.608391608,208.279468,2.604327487,0.470839887
98.31460674,45.52447552,6.826086957,2.073248408,1.608391608,208.279468,0.328983717,0.383454453
109.5505618,45.52447552,6.826086957,2.073248408,1.608391608,208.279468,0.548945957,0.330087949
120.7865169,45.52447552,6.826086957,2.073248408,1.608391608,208.279468,0.734213348,0.287895101
129.2134831,45.52447552,6.826086957,2.073248408,1.608391608,208.279468,0.998672008,0.261944022
33.89830508,29.09722222,5.434782609,1.676,1.597222222,208.279468,1.205289145,0.932770955
44.06779661,29.09722222,5.434782609,1.676,1.597222222,208.279468,1.486955804,0.857742598
54.23728814,29.09722222,5.434782609,1.676,1.597222222,208.279468,1.843682127,0.766048225
64.40677966,29.09722222,5.434782609,1.676,1.597222222,208.279468,2.130054825,0.673123742
67.79661017,29.09722222,5.434782609,1.676,1.597222222,208.279468,2.415994776,0.643799358
77.96610169,29.09722222,5.434782609,1.676,1.597222222,208.279468,2.629785051,0.563531932
88.13559322,29.09722222,5.434782609,1.676,1.597222222,208.279468,0.335815169,0.495771297
98.30508475,29.09722222,5.434782609,1.676,1.597222222,208.279468,0.527219804,0.439652247
105.0847458,29.09722222,5.434782609,1.676,1.597222222,208.279468,0.676893062,0.407816877
115.2542373,29.09722222,5.434782609,1.676,1.597222222,208.279468,0.878891338,0.367018024
43.47826087,20.68539326,3.58490566,1.614912281,1.786516854,208.279468,1.030418247,0.881771069
57.97101449,20.68539326,3.58490566,1.614912281,1.786516854,208.279468,1.231385673,0.777659256
68.84057971,20.68539326,3.58490566,1.614912281,1.786516854,208.279468,1.480326101,0.700549224
79.71014493,20.68539326,3.58490566,1.614912281,1.786516854,208.279468,1.677669325,0.630942354
90.57971014,20.68539326,3.58490566,1.614912281,1.786516854,208.279468,1.873574446,0.570392889
105.0724638,20.68539326,3.58490566,1.614912281,1.786516854,208.279468,2.019674411,0.502937803
115.942029,20.68539326,3.58490566,1.614912281,1.786516854,208.279468,0.532870916,0.460843407
130.4347826,20.68539326,3.58490566,1.614912281,1.786516854,208.279468,0.648056999,0.413814098
141.3043478,20.68539326,3.58490566,1.614912281,1.786516854,208.279468,0.762789496,0.384059194
144.9275362,20.68539326,3.58490566,1.614912281,1.786516854,208.279468,0.905140662,0.37502474
29.62962963,15.79775281,5.451388889,0.895541401,1.617977528,208.279468,1.102325005,0.959416426
44.44444444,15.79775281,5.451388889,0.895541401,1.617977528,208.279468,1.18614291,0.883194428
61.72839506,15.79775281,5.451388889,0.895541401,1.617977528,208.279468,1.325044228,0.774628311
69.13580247,15.79775281,5.451388889,0.895541401,1.617977528,208.279468,1.407962659,0.72936355
74.07407407,15.79775281,5.451388889,0.895541401,1.617977528,208.279468,1.518091741,0.7005948
91.35802469,15.79775281,5.451388889,0.895541401,1.617977528,208.279468,0.302108145,0.610615689
96.2962963,15.79775281,5.451388889,0.895541401,1.617977528,208.279468,0.49299475,0.588014113
103.7037037,15.79775281,5.451388889,0.895541401,1.617977528,208.279468,0.797453598,0.556539604
106.1728395,15.79775281,5.451388889,0.895541401,1.617977528,208.279468,1.053645717,0.546662115
113.5802469,15.79775281,5.451388889,0.895541401,1.617977528,208.279468,1.234156139,0.518745784
49.42965779,36.72916667,7.207792208,1.588288288,1.604166667,208.279468,1.611745652,0.796156178
60.8365019,36.72916667,7.207792208,1.588288288,1.604166667,208.279468,1.806459913,0.681297967
68.44106464,36.72916667,7.207792208,1.588288288,1.604166667,208.279468,2.003882629,0.609042911
76.04562738,36.72916667,7.207792208,1.588288288,1.604166667,208.279468,2.303574132,0.544102234
87.45247148,36.72916667,7.207792208,1.588288288,1.604166667,208.279468,2.504949696,0.462028908
98.85931559,36.72916667,7.207792208,1.588288288,1.604166667,208.279468,0.366228016,0.396830265
110.2661597,36.72916667,7.207792208,1.588288288,1.604166667,208.279468,0.600917001,0.345309861
117.8707224,36.72916667,7.207792208,1.588288288,1.604166667,208.279468,0.738635109,0.316989969
129.2775665,36.72916667,7.207792208,1.588288288,1.604166667,208.279468,0.945692442,0.281589206
45,18.53691275,6.554621849,0.88525641,1.597315436,208.279468,1.151529573,0.865437713
62.5,18.53691275,6.554621849,0.88525641,1.597315436,208.279468,1.287744511,0.738794373
70,18.53691275,6.554621849,0.88525641,1.597315436,208.279468,1.389357811,0.687359547
75,18.53691275,6.554621849,0.88525641,1.597315436,208.279468,1.557722295,0.655230347
92.5,18.53691275,6.554621849,0.88525641,1.597315436,208.279468,1.658190497,0.557830401
97.5,18.53691275,6.554621849,0.88525641,1.597315436,208.279468,1.791568214,0.53412388
105,18.53691275,6.554621849,0.88525641,1.597315436,208.279468,0.337918208,0.501618596
107.5,18.53691275,6.554621849,0.88525641,1.597315436,208.279468,0.57942797,0.491538363
115,18.53691275,6.554621849,0.88525641,1.597315436,208.279468,0.770418379,0.463356098
37.73584906,14.14912281,4.427807487,0.974033816,1.640350877,208.279468,1.005293588,0.928895753
70.75471698,14.14912281,4.427807487,0.974033816,1.640350877,208.279468,1.190782336,0.749966543
89.62264151,14.14912281,4.427807487,0.974033816,1.640350877,208.279468,1.374715728,0.656472306
99.05660377,14.14912281,4.427807487,0.974033816,1.640350877,208.279468,1.557493686,0.615535328
108.490566,14.14912281,4.427807487,0.974033816,1.640350877,208.279468,1.693994206,0.578379436
122.6415094,14.14912281,4.427807487,0.974033816,1.640350877,208.279468,1.875387773,0.529106402
141.509434,14.14912281,4.427807487,0.974033816,1.640350877,208.279468,2.011064555,0.4737368
150.9433962,14.14912281,4.427807487,0.974033816,1.640350877,208.279468,0.303175725,0.449771001
165.0943396,14.14912281,4.427807487,0.974033816,1.640350877,208.279468,0.446870622,0.417702916
37.31343284,13.44370861,4.16,0.975961538,1.655629139,208.279468,0.554168511,0.933923009
55.97014925,13.44370861,4.16,0.975961538,1.655629139,208.279468,0.695671273,0.841062324
70.89552239,13.44370861,4.16,0.975961538,1.655629139,208.279468,0.904769239,0.763274743
89.55223881,13.44370861,4.16,0.975961538,1.655629139,208.279468,1.111011506,0.674736927
104.4776119,13.44370861,4.16,0.975961538,1.655629139,208.279468,1.247374766,0.61334006
119.4029851,13.44370861,4.16,0.975961538,1.655629139,208.279468,1.383063479,0.560092644
134.3283582,13.44370861,4.16,0.975961538,1.655629139,208.279468,1.551939897,0.51405131
145.5223881,13.44370861,4.16,0.975961538,1.655629139,208.279468,1.619305026,0.483613838
160.4477612,13.44370861,4.16,0.975961538,1.655629139,208.279468,0.746997955,0.447696488
171.641791,13.44370861,4.16,0.975961538,1.655629139,208.279468,0.963745281,0.42378163
71.42857143,61.42,7.971014493,2.791818182,1.38,208.279468,1.203285845,0.57644558
89.28571429,61.42,7.971014493,2.791818182,1.38,208.279468,2.040262992,0.428475738
107.1428571,61.42,7.971014493,2.791818182,1.38,208.279468,2.678942166,0.325509498
125,61.42,7.971014493,2.791818182,1.38,208.279468,3.366835973,0.255279539
142.8571429,61.42,7.971014493,2.791818182,1.38,208.279468,4.092694122,0.206456339
160.7142857,61.42,7.971014493,2.791818182,1.38,208.279468,4.847134099,0.171496502
51.21293801,46.36842105,6.547619048,2.135757576,1.657894737,208.279468,0.52097087,0.781019133
61.99460916,46.36842105,6.547619048,2.135757576,1.657894737,208.279468,0.742712473,0.669167562
70.08086253,46.36842105,6.547619048,2.135757576,1.657894737,208.279468,0.992392211,0.590279002
80.86253369,46.36842105,6.547619048,2.135757576,1.657894737,208.279468,1.265015601,0.498832447
94.33962264,46.36842105,6.547619048,2.135757576,1.657894737,208.279468,1.556052275,0.408233474
105.1212938,46.36842105,6.547619048,2.135757576,1.657894737,208.279468,1.861554051,0.352128432
115.902965,46.36842105,6.547619048,2.135757576,1.657894737,208.279468,2.178187755,0.307422222
123.9892183,46.36842105,6.547619048,2.135757576,1.657894737,208.279468,2.421297479,0.279796061
50.31446541,41.23684211,5.611111111,2.216407355,1.657894737,208.279468,0.496827534,0.794074098
62.89308176,41.23684211,5.611111111,2.216407355,1.657894737,208.279468,0.746816785,0.667267435
75.47169811,41.23684211,5.611111111,2.216407355,1.657894737,208.279468,1.029563915,0.552481319
81.76100629,41.23684211,5.611111111,2.216407355,1.657894737,208.279468,1.180640062,0.503133401
100.6289308,41.23684211,5.611111111,2.216407355,1.657894737,208.279468,1.662271676,0.386974543
119.4968553,41.23684211,5.611111111,2.216407355,1.657894737,208.279468,2.172421312,0.308140281
144.6540881,41.23684211,5.611111111,2.216407355,1.657894737,208.279468,2.875370016,0.239204375
163.5220126,41.23684211,5.611111111,2.216407355,1.657894737,208.279468,3.409900307,0.203998797
182.3899371,41.23684211,5.611111111,2.216407355,1.657894737,208.279468,3.945976626,0.177592764
44.44444444,47.47674419,6.03649635,2.468561064,1.593023256,208.279468,0.599880814,1
55.55555556,47.47674419,6.03649635,2.468561064,1.593023256,208.279468,0.841228175,0.739329744
66.66666667,47.47674419,6.03649635,2.468561064,1.593023256,208.279468,1.111587002,0.625434957
77.77777778,47.47674419,6.03649635,2.468561064,1.593023256,208.279468,1.405961895,0.524757613
88.88888889,47.47674419,6.03649635,2.468561064,1.593023256,208.279468,1.719799263,0.442091315
100,47.47674419,6.03649635,2.468561064,1.593023256,208.279468,2.049100169,0.376284008
111.1111111,47.47674419,6.03649635,2.468561064,1.593023256,208.279468,2.564747301,0.324290873
127.7777778,47.47674419,6.03649635,2.468561064,1.593023256,208.279468,3.098510924,0.265616708
144.4444444,47.47674419,6.03649635,2.468561064,1.593023256,208.279468,3.643721915,0.223169231
161.1111111,47.47674419,6.03649635,2.468561064,1.593023256,208.279468,0.56513128,0.191593982
54.44126074,41,4.491525424,2.655974843,1.718446602,289.7797674,0.777663086,0.846096034
65.9025788,41,4.491525424,2.655974843,1.718446602,289.7797674,1.098379141,0.756267424
74.49856734,41,4.491525424,2.655974843,1.718446602,289.7797674,1.361942907,0.687619232
85.95988539,41,4.491525424,2.655974843,1.718446602,289.7797674,1.737478571,0.602170823
100.286533,41,4.491525424,2.655974843,1.718446602,289.7797674,2.235912802,0.510963046
111.747851,41,4.491525424,2.655974843,1.718446602,289.7797674,2.651034912,0.451067658
123.2091691,41,4.491525424,2.655974843,1.718446602,289.7797674,3.076030394,0.40139952
131.8051576,41,4.491525424,2.655974843,1.718446602,289.7797674,3.39928009,0.369816667
66.66666667,57.89230769,7.38317757,2.38164557,1.646153846,289.7797674,1.206462462,0.727335597
75.36231884,57.89230769,7.38317757,2.38164557,1.646153846,289.7797674,1.514001265,0.65119565
86.95652174,57.89230769,7.38317757,2.38164557,1.646153846,289.7797674,1.963092213,0.557956153
101.4492754,57.89230769,7.38317757,2.38164557,1.646153846,289.7797674,2.577427107,0.460782879
113.0434783,57.89230769,7.38317757,2.38164557,1.646153846,289.7797674,3.103466638,0.398530355
124.6376812,57.89230769,7.38317757,2.38164557,1.646153846,289.7797674,3.65408267,0.347982614
133.3333333,57.89230769,7.38317757,2.38164557,1.646153846,289.7797674,4.080200565,0.316403534
34.48275862,26.76190476,3.552631579,2.081481481,1.80952381,289.7797674,0.27937587,0.961901106
45.0928382,26.76190476,3.552631579,2.081481481,1.80952381,289.7797674,0.469481422,0.915956524
53.05039788,26.76190476,3.552631579,2.081481481,1.80952381,289.7797674,0.631282546,0.871276981
61.00795756,26.76190476,3.552631579,2.081481481,1.80952381,289.7797674,0.864424586,0.82152354
71.61803714,26.76190476,3.552631579,2.081481481,1.80952381,289.7797674,1.048019826,0.753009655
84.8806366,26.76190476,3.552631579,2.081481481,1.80952381,289.7797674,1.29987956,0.671565806
95.49071618,26.76190476,3.552631579,2.081481481,1.80952381,289.7797674,1.620776393,0.613126699
103.4482759,26.76190476,3.552631579,2.081481481,1.80952381,289.7797674,1.879464507,0.573749637
114.0583554,26.76190476,3.552631579,2.081481481,1.80952381,289.7797674,2.138405726,0.526995966
122.0159151,26.76190476,3.552631579,2.081481481,1.80952381,289.7797674,2.332302006,0.495893828
52.63157895,40.14689266,5.286624204,2.140361446,1.774011299,289.7797674,0.67968484,0.854880484
63.15789474,40.14689266,5.286624204,2.140361446,1.774011299,289.7797674,0.960036155,0.773625072
71.05263158,40.14689266,5.286624204,2.140361446,1.774011299,289.7797674,1.190443863,0.710696515
78.94736842,40.14689266,5.286624204,2.140361446,1.774011299,289.7797674,1.518758949,0.650096018
92.10526316,40.14689266,5.286624204,2.140361446,1.774011299,289.7797674,1.95455245,0.559537706
102.6315789,40.14689266,5.286624204,2.140361446,1.774011299,289.7797674,2.317528293,0.498154876
113.1578947,40.14689266,5.286624204,2.140361446,1.774011299,289.7797674,2.689155968,0.446175855
121.0526316,40.14689266,5.286624204,2.140361446,1.774011299,289.7797674,2.971824965,0.412644758
55.3633218,41.2,7.6875,1.674796748,1.6,289.7797674,0.352384372,0.824081835
65.74394464,41.2,7.6875,1.674796748,1.6,289.7797674,0.581281261,0.737713483
79.58477509,41.2,7.6875,1.674796748,1.6,289.7797674,0.855393882,0.625170107
89.96539792,41.2,7.6875,1.674796748,1.6,289.7797674,1.167262365,0.550642662
103.8062284,41.2,7.6875,1.674796748,1.6,289.7797674,1.278358847,0.467679388
121.1072664,41.2,7.6875,1.674796748,1.6,289.7797674,1.629594094,0.387794944
134.9480969,41.2,7.6875,1.674796748,1.6,289.7797674,2.003083044,0.338880988
148.7889273,41.2,7.6875,1.674796748,1.6,289.7797674,2.393602442,0.299912208
159.1695502,41.2,7.6875,1.674796748,1.6,289.7797674,2.661250521,0.275727179
48.63221884,35.68,5.223880597,1.911428571,1.786666667,289.7797674,3.071023105,0.883421999
57.75075988,35.68,5.223880597,1.911428571,1.786666667,289.7797674,0.644033259,0.818877311
69.90881459,35.68,5.223880597,1.911428571,1.786666667,289.7797674,0.87376913,0.726296449
79.02735562,35.68,5.223880597,1.911428571,1.786666667,289.7797674,1.123566373,0.659247684
91.18541033,35.68,5.223880597,1.911428571,1.786666667,289.7797674,1.388517202,0.578851634
106.3829787,35.68,5.223880597,1.911428571,1.786666667,289.7797674,1.758508798,0.495422763
118.5410334,35.68,5.223880597,1.911428571,1.786666667,289.7797674,2.044563537,0.44131742
130.6990881,35.68,5.223880597,1.911428571,1.786666667,289.7797674,2.43309389,0.396526938
139.8176292,35.68,5.223880597,1.911428571,1.786666667,289.7797674,2.727750316,0.36796341
54.42176871,42.63636364,7.529411765,1.83203125,1.545454545,289.7797674,2.826351344,0.833731514
64.62585034,42.63636364,7.529411765,1.83203125,1.545454545,289.7797674,0.555703847,0.748757461
78.23129252,42.63636364,7.529411765,1.83203125,1.545454545,289.7797674,0.82134216,0.635637496
88.43537415,42.63636364,7.529411765,1.83203125,1.545454545,289.7797674,1.126088245,0.559570874
102.0408163,42.63636364,7.529411765,1.83203125,1.545454545,289.7797674,1.235254174,0.474129846
119.047619,42.63636364,7.529411765,1.83203125,1.545454545,289.7797674,1.582329936,0.391414241
132.6530612,42.63636364,7.529411765,1.83203125,1.545454545,289.7797674,1.954373762,0.340711416
146.2585034,42.63636364,7.529411765,1.83203125,1.545454545,289.7797674,2.346298703,0.300371345
156.462585,42.63636364,7.529411765,1.83203125,1.545454545,289.7797674,2.616445416,0.27538939
52.45901639,33.73049645,5.327868852,1.829230769,1.730496454,289.7797674,3.032181616,0.857608062
62.29508197,33.73049645,5.327868852,1.829230769,1.730496454,289.7797674,0.506415027,0.785131698
75.40983607,33.73049645,5.327868852,1.829230769,1.730496454,289.7797674,0.73683648,0.686667778
85.24590164,33.73049645,5.327868852,1.829230769,1.730496454,289.7797674,0.993689532,0.618525261
98.36065574,33.73049645,5.327868852,1.829230769,1.730496454,289.7797674,1.083980607,0.539517752
114.7540984,33.73049645,5.327868852,1.829230769,1.730496454,289.7797674,1.365788798,0.459899663
127.8688525,33.73049645,5.327868852,1.829230769,1.730496454,289.7797674,1.660174499,0.40921253
140.9836066,33.73049645,5.327868852,1.829230769,1.730496454,289.7797674,1.963178946,0.367653566
150.8196721,33.73049645,5.327868852,1.829230769,1.730496454,289.7797674,2.16847319,0.341288258
55.81395349,53.28440367,6.907894737,2.765714286,1.394495413,289.7797674,2.479668745,0.83190135
65.11627907,53.28440367,6.907894737,2.765714286,1.394495413,289.7797674,0.827800626,0.753057411
74.41860465,53.28440367,6.907894737,2.765714286,1.394495413,289.7797674,1.110195841,0.671907395
83.72093023,53.28440367,6.907894737,2.765714286,1.394495413,289.7797674,1.4262791,0.594914918
93.02325581,53.28440367,6.907894737,2.765714286,1.394495413,289.7797674,1.77276175,0.525654812
106.9767442,53.28440367,6.907894737,2.765714286,1.394495413,289.7797674,2.146374798,0.43846254
120.9302326,53.28440367,6.907894737,2.765714286,1.394495413,289.7797674,2.75077981,0.369824506
134.8837209,53.28440367,6.907894737,2.765714286,1.394495413,289.7797674,3.3991936,0.316228579
66.03773585,53.37755102,6.711409396,2.6155,1.520408163,289.7797674,4.082783363,0.740996416
75.47169811,53.37755102,6.711409396,2.6155,1.520408163,289.7797674,1.154967136,0.659080049
84.90566038,53.37755102,6.711409396,2.6155,1.520408163,289.7797674,1.480192811,0.582415127
108.490566,53.37755102,6.711409396,2.6155,1.520408163,289.7797674,1.835070319,0.429056932
136.7924528,53.37755102,6.711409396,2.6155,1.520408163,289.7797674,2.215958452,0.310730143
53.0726257,45.92771084,5,2.412658228,1.903614458,289.7797674,2.828565217,0.848968702
64.24581006,45.92771084,5,2.412658228,1.903614458,289.7797674,3.481395268,0.759946393
72.62569832,45.92771084,5,2.412658228,1.903614458,289.7797674,4.165351558,0.691571481
83.79888268,45.92771084,5,2.412658228,1.903614458,289.7797674,0.767494627,0.606112744
97.76536313,45.92771084,5,2.412658228,1.903614458,289.7797674,1.084883799,0.514541934
108.9385475,45.92771084,5,2.412658228,1.903614458,289.7797674,1.346033506,0.454253328
120.1117318,45.92771084,5,2.412658228,1.903614458,289.7797674,1.718570525,0.404189601
128.4916201,45.92771084,5,2.412658228,1.903614458,289.7797674,2.213713464,0.372331022
54.38066465,10.10077519,3.115942029,1.010077519,1.604651163,289.7797674,2.626596164,0.932126243
75.52870091,10.10077519,3.115942029,1.010077519,1.604651163,289.7797674,3.049688345,0.875472053
90.63444109,10.10077519,3.115942029,1.010077519,1.604651163,289.7797674,3.371711934,0.832889233
117.8247734,10.10077519,3.115942029,1.010077519,1.604651163,289.7797674,0.425899402,0.757666614
178.2477341,10.10077519,3.115942029,1.010077519,1.604651163,289.7797674,0.611723854,0.613822081
196.3746224,10.10077519,3.115942029,1.010077519,1.604651163,289.7797674,0.763955573,0.578005018
208.4592145,10.10077519,3.115942029,1.010077519,1.604651163,289.7797674,0.854398033,0.555890008
220.5438066,10.10077519,3.115942029,1.010077519,1.604651163,289.7797674,0.974182039,0.53509877
235.6495468,10.10077519,3.115942029,1.010077519,1.604651163,289.7797674,1.182158235,0.510850791
247.734139,10.10077519,3.115942029,1.010077519,1.604651163,289.7797674,1.359246621,0.492748506
45.58404558,35.90361446,5.033333333,1.973509934,1.807228916,289.7797674,1.418096965,0.903512004
54.13105413,35.90361446,5.033333333,1.973509934,1.807228916,289.7797674,1.564913292,0.84659325
65.52706553,35.90361446,5.033333333,1.973509934,1.807228916,289.7797674,1.711367659,0.761098428
74.07407407,35.90361446,5.033333333,1.973509934,1.807228916,289.7797674,0.569591523,0.69657239
85.47008547,35.90361446,5.033333333,1.973509934,1.807228916,289.7797674,0.775903818,0.616603468
99.71509972,35.90361446,5.033333333,1.973509934,1.807228916,289.7797674,1.080667996,0.531003763
111.1111111,35.90361446,5.033333333,1.973509934,1.807228916,289.7797674,1.326051932,0.474297068
122.5071225,35.90361446,5.033333333,1.973509934,1.807228916,289.7797674,1.669105517,0.426774959
131.0541311,35.90361446,5.033333333,1.973509934,1.807228916,289.7797674,2.114787224,0.396244925
53.37078652,45.52447552,6.826086957,2.073248408,1.608391608,289.7797674,2.479400704,0.843102934
64.60674157,45.52447552,6.826086957,2.073248408,1.608391608,289.7797674,2.847895276,0.749874472
73.03370787,45.52447552,6.826086957,2.073248408,1.608391608,289.7797674,3.125578219,0.67838752
84.26966292,45.52447552,6.826086957,2.073248408,1.608391608,289.7797674,0.788247607,0.589449256
98.31460674,45.52447552,6.826086957,2.073248408,1.608391608,289.7797674,1.121952675,0.494931133
109.5505618,45.52447552,6.826086957,2.073248408,1.608391608,289.7797674,1.399527182,0.433289507
120.7865169,45.52447552,6.826086957,2.073248408,1.608391608,289.7797674,1.79976324,0.382539547
129.2134831,45.52447552,6.826086957,2.073248408,1.608391608,289.7797674,2.338626736,0.350483538
40.6779661,29.09722222,5.434782609,1.676,1.597222222,289.7797674,2.79319123,0.931983845
54.23728814,29.09722222,5.434782609,1.676,1.597222222,289.7797674,3.263203743,0.850025814
64.40677966,29.09722222,5.434782609,1.676,1.597222222,289.7797674,3.623407631,0.777392564
77.96610169,29.09722222,5.434782609,1.676,1.597222222,289.7797674,0.326646629,0.680846959
88.13559322,29.09722222,5.434782609,1.676,1.597222222,289.7797674,0.529257938,0.614928483
101.6949153,29.09722222,5.434782609,1.676,1.597222222,289.7797674,0.763749943,0.538949526
118.6440678,29.09722222,5.434782609,1.676,1.597222222,289.7797674,1.021512947,0.462442848
132.2033898,29.09722222,5.434782609,1.676,1.597222222,289.7797674,1.111338868,0.413561952
145.7627119,29.09722222,5.434782609,1.676,1.597222222,289.7797674,1.389454972,0.373281471
155.9322034,29.09722222,5.434782609,1.676,1.597222222,289.7797674,1.676921933,0.347598786
43.47826087,20.68539326,3.58490566,1.614912281,1.786516854,289.7797674,1.970204552,0.929668207
57.97101449,20.68539326,3.58490566,1.614912281,1.786516854,289.7797674,2.167701532,0.858539603
68.84057971,20.68539326,3.58490566,1.614912281,1.786516854,289.7797674,2.465584141,0.79967999
83.33333333,20.68539326,3.58490566,1.614912281,1.786516854,289.7797674,0.467220522,0.723050623
94.20289855,20.68539326,3.58490566,1.614912281,1.786516854,289.7797674,0.73352229,0.670141658
108.6956522,20.68539326,3.58490566,1.614912281,1.786516854,289.7797674,0.941763084,0.607232911
126.8115942,20.68539326,3.58490566,1.614912281,1.786516854,289.7797674,1.152442499,0.540566537
141.3043478,20.68539326,3.58490566,1.614912281,1.786516854,289.7797674,1.36342606,0.495612869
155.7971014,20.68539326,3.58490566,1.614912281,1.786516854,289.7797674,1.64352785,0.456874783
166.6666667,20.68539326,3.58490566,1.614912281,1.786516854,289.7797674,1.852204527,0.431271706
61.72839506,15.79775281,5.451388889,0.895541401,1.617977528,289.7797674,2.128424075,0.856328825
71.60493827,15.79775281,5.451388889,0.895541401,1.617977528,289.7797674,2.334145711,0.810992644
81.48148148,15.79775281,5.451388889,0.895541401,1.617977528,289.7797674,2.402463832,0.766415359
93.82716049,15.79775281,5.451388889,0.895541401,1.617977528,289.7797674,0.241386192,0.713565344
111.1111111,15.79775281,5.451388889,0.895541401,1.617977528,289.7797674,0.463495679,0.646666031
118.5185185,15.79775281,5.451388889,0.895541401,1.617977528,289.7797674,0.741384697,0.6206635
130.8641975,15.79775281,5.451388889,0.895541401,1.617977528,289.7797674,0.861610633,0.580747076
138.2716049,15.79775281,5.451388889,0.895541401,1.617977528,289.7797674,0.941633563,0.558731275
148.1481481,15.79775281,5.451388889,0.895541401,1.617977528,289.7797674,1.219855983,0.531458619
38.02281369,36.72916667,7.207792208,1.588288288,1.604166667,289.7797674,1.298721915,0.940869637
49.42965779,36.72916667,7.207792208,1.588288288,1.604166667,289.7797674,1.4164951,0.871854468
64.63878327,36.72916667,7.207792208,1.588288288,1.604166667,289.7797674,1.455617322,0.753246335
76.04562738,36.72916667,7.207792208,1.588288288,1.604166667,289.7797674,1.572599167,0.662440801
83.65019011,36.72916667,7.207792208,1.588288288,1.604166667,289.7797674,0.685904883,0.606424107
98.85931559,36.72916667,7.207792208,1.588288288,1.604166667,289.7797674,0.997347866,0.50992085
106.4638783,36.72916667,7.207792208,1.588288288,1.604166667,289.7797674,1.225205048,0.469542575
114.0684411,36.72916667,7.207792208,1.588288288,1.604166667,289.7797674,1.465940035,0.433916019
125.4752852,36.72916667,7.207792208,1.588288288,1.604166667,289.7797674,1.84588284,0.388231896
133.0798479,36.72916667,7.207792208,1.588288288,1.604166667,289.7797674,2.242425933,0.362182236
45,18.53691275,6.554621849,0.88525641,1.597315436,289.7797674,2.650265756,0.919108072
62.5,18.53691275,6.554621849,0.88525641,1.597315436,289.7797674,2.926439442,0.829561393
72.5,18.53691275,6.554621849,0.88525641,1.597315436,289.7797674,3.344888518,0.775687442
87.5,18.53691275,6.554621849,0.88525641,1.597315436,289.7797674,0.509533994,0.699168118
102.5,18.53691275,6.554621849,0.88525641,1.597315436,289.7797674,0.836057392,0.631224086
112.5,18.53691275,6.554621849,0.88525641,1.597315436,289.7797674,0.979651701,0.591085205
120,18.53691275,6.554621849,0.88525641,1.597315436,289.7797674,1.075707318,0.563557304
132.5,18.53691275,6.554621849,0.88525641,1.597315436,289.7797674,1.411463502,0.522165774
140,18.53691275,6.554621849,0.88525641,1.597315436,289.7797674,1.506932727,0.499769865
150,18.53691275,6.554621849,0.88525641,1.597315436,289.7797674,1.649614882,0.472435886
47.16981132,14.14912281,4.427807487,0.974033816,1.640350877,289.7797674,1.697030603,0.92895097
70.75471698,14.14912281,4.427807487,0.974033816,1.640350877,289.7797674,1.838838889,0.838032598
89.62264151,14.14912281,4.427807487,0.974033816,1.640350877,289.7797674,0.338079867,0.76350262
113.2075472,14.14912281,4.427807487,0.974033816,1.640350877,289.7797674,0.806159647,0.678596997
132.0754717,14.14912281,4.427807487,0.974033816,1.640350877,289.7797674,1.071885102,0.619266874
150.9433962,14.14912281,4.427807487,0.974033816,1.640350877,289.7797674,1.203251212,0.567401239
169.8113208,14.14912281,4.427807487,0.974033816,1.640350877,289.7797674,1.333728143,0.522218617
183.9622642,14.14912281,4.427807487,0.974033816,1.640350877,289.7797674,1.528015785,0.492173614
202.8301887,14.14912281,4.427807487,0.974033816,1.640350877,289.7797674,1.78492352,0.456540766
216.9811321,14.14912281,4.427807487,0.974033816,1.640350877,289.7797674,1.91264558,0.432709862
44.7761194,13.44370861,4.16,0.975961538,1.655629139,289.7797674,2.103496862,0.940523854
59.70149254,13.44370861,4.16,0.975961538,1.655629139,289.7797674,0.323211667,0.889512696
70.89552239,13.44370861,4.16,0.975961538,1.655629139,289.7797674,0.571736776,0.847974201
85.82089552,13.44370861,4.16,0.975961538,1.655629139,289.7797674,0.771016096,0.792344767
108.2089552,13.44370861,4.16,0.975961538,1.655629139,289.7797674,1.016715777,0.713698665
130.5970149,13.44370861,4.16,0.975961538,1.655629139,289.7797674,1.210637095,0.643903172
145.5223881,13.44370861,4.16,0.975961538,1.655629139,289.7797674,1.402689069,0.602586589
160.4477612,13.44370861,4.16,0.975961538,1.655629139,289.7797674,1.593285012,0.565204761
179.1044776,13.44370861,4.16,0.975961538,1.655629139,289.7797674,1.735475768,0.523505066
186.5671642,13.44370861,4.16,0.975961538,1.655629139,289.7797674,1.924259828,0.508245355
62.5,61.42,7.971014493,2.791818182,1.38,289.7797674,2.065353532,0.772468945
71.42857143,61.42,7.971014493,2.791818182,1.38,289.7797674,1.340861326,0.692862012
80.35714286,61.42,7.971014493,2.791818182,1.38,289.7797674,2.036559821,0.615525008
107.1428571,61.42,7.971014493,2.791818182,1.38,289.7797674,2.838623226,0.427866852
125,61.42,7.971014493,2.791818182,1.38,289.7797674,3.727219227,0.34215176
142.8571429,61.42,7.971014493,2.791818182,1.38,289.7797674,4.684287677,0.279939607
160.7142857,61.42,7.971014493,2.791818182,1.38,289.7797674,5.694176015,0.234214987
178.5714286,61.42,7.971014493,2.791818182,1.38,289.7797674,0.724828131,0.199907633
51.21293801,46.36842105,6.547619048,2.135757576,1.657894737,289.7797674,1.033337802,0.860980721
61.99460916,46.36842105,6.547619048,2.135757576,1.657894737,289.7797674,1.290617956,0.774117182
72.77628032,46.36842105,6.547619048,2.135757576,1.657894737,289.7797674,1.662559213,0.68298905
83.55795148,46.36842105,6.547619048,2.135757576,1.657894737,289.7797674,2.164939591,0.597520388
94.33962264,46.36842105,6.547619048,2.135757576,1.657894737,289.7797674,2.58998501,0.522552
105.1212938,46.36842105,6.547619048,2.135757576,1.657894737,289.7797674,3.030518308,0.459099752
115.902965,46.36842105,6.547619048,2.135757576,1.657894737,289.7797674,3.368757502,0.406242142
123.9892183,46.36842105,6.547619048,2.135757576,1.657894737,289.7797674,0.691237445,0.372602345
50.31446541,41.23684211,5.611111111,2.216407355,1.657894737,289.7797674,1.039048142,0.870370777
62.89308176,41.23684211,5.611111111,2.216407355,1.657894737,289.7797674,1.432434961,0.772538579
75.47169811,41.23684211,5.611111111,2.216407355,1.657894737,289.7797674,1.6426276,0.670427035
81.76100629,41.23684211,5.611111111,2.216407355,1.657894737,289.7797674,2.312722922,0.622325816
100.6289308,41.23684211,5.611111111,2.216407355,1.657894737,289.7797674,3.022495442,0.498894054
119.4968553,41.23684211,5.611111111,2.216407355,1.657894737,289.7797674,4.000509809,0.40710674
144.6540881,41.23684211,5.611111111,2.216407355,1.657894737,289.7797674,4.744203197,0.321892683
163.5220126,41.23684211,5.611111111,2.216407355,1.657894737,289.7797674,5.490047579,0.276755921
182.3899371,41.23684211,5.611111111,2.216407355,1.657894737,289.7797674,0.63454353,0.242253854
55.55555556,47.47674419,6.03649635,2.468561064,1.593023256,289.7797674,0.834615742,0.829969962
66.66666667,47.47674419,6.03649635,2.468561064,1.593023256,289.7797674,1.170402955,0.736877013
77.77777778,47.47674419,6.03649635,2.468561064,1.593023256,289.7797674,1.546553897,0.643720684
88.88888889,47.47674419,6.03649635,2.468561064,1.593023256,289.7797674,1.956118454,0.559247158
100,47.47674419,6.03649635,2.468561064,1.593023256,289.7797674,2.392761203,0.486818792
111.1111111,47.47674419,6.03649635,2.468561064,1.593023256,289.7797674,2.850918413,0.42642002
127.7777778,47.47674419,6.03649635,2.468561064,1.593023256,289.7797674,3.568339614,0.355057896
144.4444444,47.47674419,6.03649635,2.468561064,1.593023256,289.7797674,4.310966335,0.301461644
161.1111111,47.47674419,6.03649635,2.468561064,1.593023256,289.7797674,5.069519811,0.260613706